transaction_id,sender_id,receiver_id,amount,currency,timestamp,transaction_type,pattern_label,data_source,synthetic_data
SYN-TXN-00418,P006,P011,18009,INR,2026-01-01 06:05:00,TRANSFER,NORMAL,Synthetic Demonstration Dataset,True
SYN-TXN-00146,P001,P012,2026,INR,2026-01-02 06:00:00,TRANSFER,NORMAL,Synthetic Demonstration Dataset,True
SYN-TXN-00357,P001,P004,2355,INR,2026-01-02 13:06:00,TRANSFER,NORMAL,Synthetic Demonstration Dataset,True
SYN-TXN-00174,P003,P014,19295,INR,2026-01-02 18:05:00,TRANSFER,NORMAL,Synthetic Demonstration Dataset,True
SYN-TXN-00154,P015,P007,1470,INR,2026-01-03 05:41:00,TRANSFER,NORMAL,Synthetic Demonstration Dataset,True
SYN-TXN-00014,P010,P006,17776,INR,2026-01-04 02:45:00,TRANSFER,NORMAL,Synthetic Demonstration Dataset,True
SYN-TXN-00491,P006,P011,2312,INR,2026-01-04 06:16:00,TRANSFER,NORMAL,Synthetic Demonstration Dataset,True
SYN-TXN-00356,P014,P009,20911,INR,2026-01-04 18:49:00,TRANSFER,NORMAL,Synthetic Demonstration Dataset,True
SYN-TXN-00178,P011,P013,6852,INR,2026-01-04 19:59:00,TRANSFER,NORMAL,Synthetic Demonstration Dataset,True
SYN-TXN-00348,P014,P003,755,INR,2026-01-05 19:09:00,TRANSFER,NORMAL,Synthetic Demonstration Dataset,True
SYN-TXN-00335,P012,P005,3885,INR,2026-01-06 11:52:00,TRANSFER,NORMAL,Synthetic Demonstration Dataset,True
SYN-TXN-00468,P006,P015,6305,INR,2026-01-06 18:56:00,TRANSFER,NORMAL,Synthetic Demonstration Dataset,True
SYN-TXN-00586,P009,P015,14596,INR,2026-01-06 20:31:00,TRANSFER,NORMAL,Synthetic Demonstration Dataset,True
SYN-TXN-00296,P002,P003,3621,INR,2026-01-07 18:19:00,TRANSFER,NORMAL,Synthetic Demonstration Dataset,True
SYN-TXN-00248,P007,P005,4327,INR,2026-01-08 07:56:00,TRANSFER,NORMAL,Synthetic Demonstration Dataset,True
SYN-TXN-00055,P005,P003,3496,INR,2026-01-08 11:19:00,TRANSFER,NORMAL,Synthetic Demonstration Dataset,True
SYN-TXN-00236,P005,P013,4415,INR,2026-01-08 16:09:00,TRANSFER,NORMAL,Synthetic Demonstration Dataset,True
SYN-TXN-00247,P004,P006,2092,INR,2026-01-08 18:19:00,TRANSFER,NORMAL,Synthetic Demonstration Dataset,True
SYN-TXN-00175,P001,P003,4451,INR,2026-01-09 02:32:00,TRANSFER,NORMAL,Synthetic Demonstration Dataset,True
SYN-TXN-00187,P013,P011,516,INR,2026-01-09 14:48:00,TRANSFER,NORMAL,Synthetic Demonstration Dataset,True
SYN-TXN-00036,P001,P015,3820,INR,2026-01-10 10:16:00,TRANSFER,NORMAL,Synthetic Demonstration Dataset,True
SYN-TXN-00070,P008,P014,4984,INR,2026-01-10 14:57:00,TRANSFER,NORMAL,Synthetic Demonstration Dataset,True
SYN-TXN-00502,P001,P011,21287,INR,2026-01-11 04:48:00,TRANSFER,NORMAL,Synthetic Demonstration Dataset,True
SYN-TXN-00670,P004,P011,50892,INR,2026-01-11 16:00:00,TRANSFER,CIRCULAR_FLOW,Synthetic Demonstration Dataset,True
SYN-TXN-00649,P002,P006,72031,INR,2026-01-11 16:00:00,TRANSFER,CIRCULAR_FLOW,Synthetic Demonstration Dataset,True
SYN-TXN-00650,P006,P009,70893,INR,2026-01-11 16:25:00,TRANSFER,CIRCULAR_FLOW,Synthetic Demonstration Dataset,True
SYN-TXN-00671,P011,P013,50227,INR,2026-01-11 16:25:00,TRANSFER,CIRCULAR_FLOW,Synthetic Demonstration Dataset,True
SYN-TXN-00672,P013,P004,49851,INR,2026-01-11 16:50:00,TRANSFER,CIRCULAR_FLOW,Synthetic Demonstration Dataset,True
SYN-TXN-00651,P009,P002,70694,INR,2026-01-11 16:50:00,TRANSFER,CIRCULAR_FLOW,Synthetic Demonstration Dataset,True
SYN-TXN-00538,P010,P007,4903,INR,2026-01-12 03:44:00,TRANSFER,NORMAL,Synthetic Demonstration Dataset,True
SYN-TXN-00119,P009,P010,1407,INR,2026-01-13 00:02:00,TRANSFER,NORMAL,Synthetic Demonstration Dataset,True
SYN-TXN-00105,P002,P012,3527,INR,2026-01-13 02:40:00,TRANSFER,NORMAL,Synthetic Demonstration Dataset,True
SYN-TXN-00071,P013,P011,678,INR,2026-01-13 12:12:00,TRANSFER,NORMAL,Synthetic Demonstration Dataset,True
SYN-TXN-00074,P009,P008,9603,INR,2026-01-14 14:24:00,TRANSFER,NORMAL,Synthetic Demonstration Dataset,True
SYN-TXN-00002,P011,P007,4126,INR,2026-01-15 14:36:00,TRANSFER,NORMAL,Synthetic Demonstration Dataset,True
SYN-TXN-00439,P003,P006,7052,INR,2026-01-15 15:07:00,TRANSFER,NORMAL,Synthetic Demonstration Dataset,True
SYN-TXN-00298,P011,P012,1738,INR,2026-01-15 22:38:00,TRANSFER,NORMAL,Synthetic Demonstration Dataset,True
SYN-TXN-00361,P011,P009,22233,INR,2026-01-16 06:00:00,TRANSFER,NORMAL,Synthetic Demonstration Dataset,True
SYN-TXN-00306,P003,P001,4490,INR,2026-01-16 17:43:00,TRANSFER,NORMAL,Synthetic Demonstration Dataset,True
SYN-TXN-00108,P006,P015,6710,INR,2026-01-17 00:46:00,TRANSFER,NORMAL,Synthetic Demonstration Dataset,True
SYN-TXN-00592,P012,P001,7931,INR,2026-01-17 02:26:00,TRANSFER,NORMAL,Synthetic Demonstration Dataset,True
SYN-TXN-00601,P001,P003,118391,INR,2026-01-17 10:00:00,TRANSFER,TRANSACTION_CHAIN,Synthetic Demonstration Dataset,True
SYN-TXN-00602,P003,P007,117096,INR,2026-01-17 10:35:00,TRANSFER,TRANSACTION_CHAIN,Synthetic Demonstration Dataset,True
SYN-TXN-00562,P010,P001,20716,INR,2026-01-17 10:56:00,TRANSFER,NORMAL,Synthetic Demonstration Dataset,True
SYN-TXN-00603,P007,P010,113967,INR,2026-01-17 11:10:00,TRANSFER,TRANSACTION_CHAIN,Synthetic Demonstration Dataset,True
SYN-TXN-00139,P005,P008,17264,INR,2026-01-17 23:15:00,TRANSFER,NORMAL,Synthetic Demonstration Dataset,True
SYN-TXN-00625,P005,P008,118862,INR,2026-01-18 10:00:00,TRANSFER,TRANSACTION_CHAIN,Synthetic Demonstration Dataset,True
SYN-TXN-00626,P008,P012,117724,INR,2026-01-18 10:35:00,TRANSFER,TRANSACTION_CHAIN,Synthetic Demonstration Dataset,True
SYN-TXN-00627,P012,P014,116200,INR,2026-01-18 11:10:00,TRANSFER,TRANSACTION_CHAIN,Synthetic Demonstration Dataset,True
SYN-TXN-00530,P014,P006,3280,INR,2026-01-18 11:50:00,TRANSFER,NORMAL,Synthetic Demonstration Dataset,True
SYN-TXN-00183,P004,P015,1148,INR,2026-01-18 13:22:00,TRANSFER,NORMAL,Synthetic Demonstration Dataset,True
SYN-TXN-00585,P010,P008,16363,INR,2026-01-18 17:58:00,TRANSFER,NORMAL,Synthetic Demonstration Dataset,True
SYN-TXN-00061,P014,P002,17480,INR,2026-01-19 18:39:00,TRANSFER,NORMAL,Synthetic Demonstration Dataset,True
SYN-TXN-00455,P012,P005,4413,INR,2026-01-19 21:42:00,TRANSFER,NORMAL,Synthetic Demonstration Dataset,True
SYN-TXN-00433,P012,P004,1915,INR,2026-01-20 02:52:00,TRANSFER,NORMAL,Synthetic Demonstration Dataset,True
SYN-TXN-00498,P007,P015,11618,INR,2026-01-20 09:20:00,TRANSFER,NORMAL,Synthetic Demonstration Dataset,True
SYN-TXN-00100,P001,P002,5306,INR,2026-01-20 21:23:00,TRANSFER,NORMAL,Synthetic Demonstration Dataset,True
SYN-TXN-00694,P003,P007,149517,INR,2026-01-22 11:00:00,TRANSFER,REPEATED_HIGH_VALUE,Synthetic Demonstration Dataset,True
SYN-TXN-00715,P010,P013,87636,INR,2026-01-22 14:00:00,TRANSFER,REPEATED_HIGH_VALUE,Synthetic Demonstration Dataset,True
SYN-TXN-00354,P009,P011,4036,INR,2026-01-23 02:16:00,TRANSFER,NORMAL,Synthetic Demonstration Dataset,True
SYN-TXN-00243,P012,P015,19324,INR,2026-01-23 05:50:00,TRANSFER,NORMAL,Synthetic Demonstration Dataset,True
SYN-TXN-00598,P011,P003,2743,INR,2026-01-23 08:30:00,TRANSFER,NORMAL,Synthetic Demonstration Dataset,True
SYN-TXN-00134,P008,P012,2761,INR,2026-01-23 18:46:00,TRANSFER,NORMAL,Synthetic Demonstration Dataset,True
SYN-TXN-00528,P012,P013,3116,INR,2026-01-24 00:07:00,TRANSFER,NORMAL,Synthetic Demonstration Dataset,True
SYN-TXN-00497,P007,P013,6542,INR,2026-01-24 00:30:00,TRANSFER,NORMAL,Synthetic Demonstration Dataset,True
SYN-TXN-00583,P013,P011,21784,INR,2026-01-24 00:59:00,TRANSFER,NORMAL,Synthetic Demonstration Dataset,True
SYN-TXN-00324,P011,P014,19404,INR,2026-01-24 07:10:00,TRANSFER,NORMAL,Synthetic Demonstration Dataset,True
SYN-TXN-00168,P010,P003,3868,INR,2026-01-24 13:33:00,TRANSFER,NORMAL,Synthetic Demonstration Dataset,True
SYN-TXN-00717,P010,P013,115538,INR,2026-01-25 10:00:00,TRANSFER,REPEATED_HIGH_VALUE,Synthetic Demonstration Dataset,True
SYN-TXN-00019,P001,P008,1784,INR,2026-01-26 06:24:00,TRANSFER,NORMAL,Synthetic Demonstration Dataset,True
SYN-TXN-00366,P012,P011,15048,INR,2026-01-26 16:22:00,TRANSFER,NORMAL,Synthetic Demonstration Dataset,True
SYN-TXN-00339,P001,P011,7557,INR,2026-01-26 19:22:00,TRANSFER,NORMAL,Synthetic Demonstration Dataset,True
SYN-TXN-00382,P012,P009,1506,INR,2026-01-27 00:40:00,TRANSFER,NORMAL,Synthetic Demonstration Dataset,True
SYN-TXN-00333,P010,P013,7015,INR,2026-01-27 20:48:00,TRANSFER,NORMAL,Synthetic Demonstration Dataset,True
SYN-TXN-00578,P011,P003,8232,INR,2026-01-28 10:51:00,TRANSFER,NORMAL,Synthetic Demonstration Dataset,True
SYN-TXN-00169,P012,P006,614,INR,2026-01-28 16:56:00,TRANSFER,NORMAL,Synthetic Demonstration Dataset,True
SYN-TXN-00289,P004,P010,20161,INR,2026-01-28 21:13:00,TRANSFER,NORMAL,Synthetic Demonstration Dataset,True
SYN-TXN-00378,P001,P009,9184,INR,2026-01-29 09:41:00,TRANSFER,NORMAL,Synthetic Demonstration Dataset,True
SYN-TXN-00166,P007,P010,2594,INR,2026-01-29 16:41:00,TRANSFER,NORMAL,Synthetic Demonstration Dataset,True
SYN-TXN-00128,P004,P009,4179,INR,2026-01-30 10:19:00,TRANSFER,NORMAL,Synthetic Demonstration Dataset,True
SYN-TXN-00515,P013,P014,13229,INR,2026-01-30 16:00:00,TRANSFER,NORMAL,Synthetic Demonstration Dataset,True
SYN-TXN-00475,P011,P009,1340,INR,2026-01-30 22:27:00,TRANSFER,NORMAL,Synthetic Demonstration Dataset,True
SYN-TXN-00202,P010,P005,17447,INR,2026-01-31 07:52:00,TRANSFER,NORMAL,Synthetic Demonstration Dataset,True
SYN-TXN-00535,P001,P008,822,INR,2026-01-31 11:23:00,TRANSFER,NORMAL,Synthetic Demonstration Dataset,True
SYN-TXN-00430,P007,P014,1181,INR,2026-02-01 00:34:00,TRANSFER,NORMAL,Synthetic Demonstration Dataset,True
SYN-TXN-00115,P015,P010,22690,INR,2026-02-02 11:36:00,TRANSFER,NORMAL,Synthetic Demonstration Dataset,True
SYN-TXN-00702,P005,P010,95571,INR,2026-02-02 16:00:00,TRANSFER,REPEATED_HIGH_VALUE,Synthetic Demonstration Dataset,True
SYN-TXN-00229,P005,P011,1569,INR,2026-02-02 18:03:00,TRANSFER,NORMAL,Synthetic Demonstration Dataset,True
SYN-TXN-00172,P004,P005,4783,INR,2026-02-03 00:15:00,TRANSFER,NORMAL,Synthetic Demonstration Dataset,True
SYN-TXN-00222,P008,P009,9778,INR,2026-02-03 01:23:00,TRANSFER,NORMAL,Synthetic Demonstration Dataset,True
SYN-TXN-00127,P015,P006,773,INR,2026-02-03 11:04:00,TRANSFER,NORMAL,Synthetic Demonstration Dataset,True
SYN-TXN-00058,P013,P005,3372,INR,2026-02-03 17:57:00,TRANSFER,NORMAL,Synthetic Demonstration Dataset,True
SYN-TXN-00265,P006,P005,2768,INR,2026-02-03 19:49:00,TRANSFER,NORMAL,Synthetic Demonstration Dataset,True
SYN-TXN-00069,P005,P011,23084,INR,2026-02-04 03:09:00,TRANSFER,NORMAL,Synthetic Demonstration Dataset,True
SYN-TXN-00584,P002,P010,3351,INR,2026-02-04 06:26:00,TRANSFER,NORMAL,Synthetic Demonstration Dataset,True
SYN-TXN-00604,P001,P003,114544,INR,2026-02-04 10:00:00,TRANSFER,TRANSACTION_CHAIN,Synthetic Demonstration Dataset,True
SYN-TXN-00605,P003,P007,113673,INR,2026-02-04 10:35:00,TRANSFER,TRANSACTION_CHAIN,Synthetic Demonstration Dataset,True
SYN-TXN-00137,P012,P002,4373,INR,2026-02-04 10:48:00,TRANSFER,NORMAL,Synthetic Demonstration Dataset,True
SYN-TXN-00606,P007,P010,109948,INR,2026-02-04 11:10:00,TRANSFER,TRANSACTION_CHAIN,Synthetic Demonstration Dataset,True
SYN-TXN-00628,P005,P008,79662,INR,2026-02-05 10:00:00,TRANSFER,TRANSACTION_CHAIN,Synthetic Demonstration Dataset,True
SYN-TXN-00629,P008,P012,79127,INR,2026-02-05 10:35:00,TRANSFER,TRANSACTION_CHAIN,Synthetic Demonstration Dataset,True
SYN-TXN-00630,P012,P014,75838,INR,2026-02-05 11:10:00,TRANSFER,TRANSACTION_CHAIN,Synthetic Demonstration Dataset,True
SYN-TXN-00579,P009,P003,10639,INR,2026-02-05 12:25:00,TRANSFER,NORMAL,Synthetic Demonstration Dataset,True
SYN-TXN-00341,P001,P013,11041,INR,2026-02-05 14:05:00,TRANSFER,NORMAL,Synthetic Demonstration Dataset,True
SYN-TXN-00652,P002,P006,55884,INR,2026-02-05 16:00:00,TRANSFER,CIRCULAR_FLOW,Synthetic Demonstration Dataset,True
SYN-TXN-00673,P004,P011,79412,INR,2026-02-05 16:00:00,TRANSFER,CIRCULAR_FLOW,Synthetic Demonstration Dataset,True
SYN-TXN-00653,P006,P009,55850,INR,2026-02-05 16:25:00,TRANSFER,CIRCULAR_FLOW,Synthetic Demonstration Dataset,True
SYN-TXN-00674,P011,P013,78378,INR,2026-02-05 16:25:00,TRANSFER,CIRCULAR_FLOW,Synthetic Demonstration Dataset,True
SYN-TXN-00654,P009,P002,56591,INR,2026-02-05 16:50:00,TRANSFER,CIRCULAR_FLOW,Synthetic Demonstration Dataset,True
SYN-TXN-00675,P013,P004,79562,INR,2026-02-05 16:50:00,TRANSFER,CIRCULAR_FLOW,Synthetic Demonstration Dataset,True
SYN-TXN-00182,P008,P007,1167,INR,2026-02-05 18:01:00,TRANSFER,NORMAL,Synthetic Demonstration Dataset,True
SYN-TXN-00252,P006,P011,10431,INR,2026-02-06 06:08:00,TRANSFER,NORMAL,Synthetic Demonstration Dataset,True
SYN-TXN-00288,P011,P005,18641,INR,2026-02-06 08:56:00,TRANSFER,NORMAL,Synthetic Demonstration Dataset,True
SYN-TXN-00053,P001,P002,19236,INR,2026-02-06 21:02:00,TRANSFER,NORMAL,Synthetic Demonstration Dataset,True
SYN-TXN-00500,P009,P002,4537,INR,2026-02-06 23:17:00,TRANSFER,NORMAL,Synthetic Demonstration Dataset,True
SYN-TXN-00596,P001,P005,8130,INR,2026-02-07 04:33:00,TRANSFER,NORMAL,Synthetic Demonstration Dataset,True
SYN-TXN-00425,P004,P009,3589,INR,2026-02-07 04:47:00,TRANSFER,NORMAL,Synthetic Demonstration Dataset,True
SYN-TXN-00195,P001,P004,7530,INR,2026-02-07 15:36:00,TRANSFER,NORMAL,Synthetic Demonstration Dataset,True
SYN-TXN-00225,P002,P008,16590,INR,2026-02-08 10:57:00,TRANSFER,NORMAL,Synthetic Demonstration Dataset,True
SYN-TXN-00693,P003,P007,107378,INR,2026-02-08 17:00:00,TRANSFER,REPEATED_HIGH_VALUE,Synthetic Demonstration Dataset,True
SYN-TXN-00328,P005,P003,1361,INR,2026-02-09 16:09:00,TRANSFER,NORMAL,Synthetic Demonstration Dataset,True
SYN-TXN-00057,P008,P015,9205,INR,2026-02-09 21:21:00,TRANSFER,NORMAL,Synthetic Demonstration Dataset,True
SYN-TXN-00085,P010,P015,21894,INR,2026-02-10 00:47:00,TRANSFER,NORMAL,Synthetic Demonstration Dataset,True
SYN-TXN-00273,P010,P008,1346,INR,2026-02-10 09:52:00,TRANSFER,NORMAL,Synthetic Demonstration Dataset,True
SYN-TXN-00560,P015,P012,21404,INR,2026-02-10 16:26:00,TRANSFER,NORMAL,Synthetic Demonstration Dataset,True
SYN-TXN-00381,P005,P015,3349,INR,2026-02-11 04:00:00,TRANSFER,NORMAL,Synthetic Demonstration Dataset,True
SYN-TXN-00711,P010,P013,79518,INR,2026-02-11 11:00:00,TRANSFER,REPEATED_HIGH_VALUE,Synthetic Demonstration Dataset,True
SYN-TXN-00320,P015,P011,3947,INR,2026-02-11 11:29:00,TRANSFER,NORMAL,Synthetic Demonstration Dataset,True
SYN-TXN-00379,P011,P006,16227,INR,2026-02-11 22:46:00,TRANSFER,NORMAL,Synthetic Demonstration Dataset,True
SYN-TXN-00555,P006,P012,2131,INR,2026-02-11 23:13:00,TRANSFER,NORMAL,Synthetic Demonstration Dataset,True
SYN-TXN-00469,P004,P014,21412,INR,2026-02-12 14:36:00,TRANSFER,NORMAL,Synthetic Demonstration Dataset,True
SYN-TXN-00587,P011,P009,4019,INR,2026-02-12 19:25:00,TRANSFER,NORMAL,Synthetic Demonstration Dataset,True
SYN-TXN-00065,P007,P013,3203,INR,2026-02-13 01:46:00,TRANSFER,NORMAL,Synthetic Demonstration Dataset,True
SYN-TXN-00557,P012,P007,3588,INR,2026-02-13 07:10:00,TRANSFER,NORMAL,Synthetic Demonstration Dataset,True
SYN-TXN-00513,P006,P011,1148,INR,2026-02-14 13:01:00,TRANSFER,NORMAL,Synthetic Demonstration Dataset,True
SYN-TXN-00244,P014,P009,6957,INR,2026-02-15 00:00:00,TRANSFER,NORMAL,Synthetic Demonstration Dataset,True
SYN-TXN-00008,P005,P001,9088,INR,2026-02-15 07:16:00,TRANSFER,NORMAL,Synthetic Demonstration Dataset,True
SYN-TXN-00237,P003,P012,10384,INR,2026-02-15 07:51:00,TRANSFER,NORMAL,Synthetic Demonstration Dataset,True
SYN-TXN-00223,P012,P001,4883,INR,2026-02-15 14:31:00,TRANSFER,NORMAL,Synthetic Demonstration Dataset,True
SYN-TXN-00349,P005,P009,23149,INR,2026-02-15 21:19:00,TRANSFER,NORMAL,Synthetic Demonstration Dataset,True
SYN-TXN-00090,P007,P015,10207,INR,2026-02-15 22:16:00,TRANSFER,NORMAL,Synthetic Demonstration Dataset,True
SYN-TXN-00291,P004,P005,5610,INR,2026-02-15 22:38:00,TRANSFER,NORMAL,Synthetic Demonstration Dataset,True
SYN-TXN-00076,P014,P015,5519,INR,2026-02-15 22:43:00,TRANSFER,NORMAL,Synthetic Demonstration Dataset,True
SYN-TXN-00165,P013,P015,4196,INR,2026-02-16 04:16:00,TRANSFER,NORMAL,Synthetic Demonstration Dataset,True
SYN-TXN-00303,P012,P011,3608,INR,2026-02-16 19:37:00,TRANSFER,NORMAL,Synthetic Demonstration Dataset,True
SYN-TXN-00367,P012,P005,13772,INR,2026-02-16 23:19:00,TRANSFER,NORMAL,Synthetic Demonstration Dataset,True
SYN-TXN-00414,P014,P013,9772,INR,2026-02-17 06:32:00,TRANSFER,NORMAL,Synthetic Demonstration Dataset,True
SYN-TXN-00077,P012,P011,1440,INR,2026-02-17 14:47:00,TRANSFER,NORMAL,Synthetic Demonstration Dataset,True
SYN-TXN-00506,P002,P010,1221,INR,2026-02-18 00:15:00,TRANSFER,NORMAL,Synthetic Demonstration Dataset,True
SYN-TXN-00027,P003,P004,23398,INR,2026-02-18 03:24:00,TRANSFER,NORMAL,Synthetic Demonstration Dataset,True
SYN-TXN-00359,P011,P014,11741,INR,2026-02-19 03:58:00,TRANSFER,NORMAL,Synthetic Demonstration Dataset,True
SYN-TXN-00095,P012,P001,5536,INR,2026-02-19 18:56:00,TRANSFER,NORMAL,Synthetic Demonstration Dataset,True
SYN-TXN-00052,P014,P003,4302,INR,2026-02-20 12:20:00,TRANSFER,NORMAL,Synthetic Demonstration Dataset,True
SYN-TXN-00517,P006,P015,15194,INR,2026-02-20 16:33:00,TRANSFER,NORMAL,Synthetic Demonstration Dataset,True
SYN-TXN-00101,P005,P013,2525,INR,2026-02-21 09:29:00,TRANSFER,NORMAL,Synthetic Demonstration Dataset,True
SYN-TXN-00188,P014,P004,721,INR,2026-02-21 11:57:00,TRANSFER,NORMAL,Synthetic Demonstration Dataset,True
SYN-TXN-00043,P006,P005,10471,INR,2026-02-21 12:28:00,TRANSFER,NORMAL,Synthetic Demonstration Dataset,True
SYN-TXN-00572,P014,P015,24995,INR,2026-02-22 08:22:00,TRANSFER,NORMAL,Synthetic Demonstration Dataset,True
SYN-TXN-00607,P001,P003,81059,INR,2026-02-22 10:00:00,TRANSFER,TRANSACTION_CHAIN,Synthetic Demonstration Dataset,True
SYN-TXN-00608,P003,P007,79459,INR,2026-02-22 10:35:00,TRANSFER,TRANSACTION_CHAIN,Synthetic Demonstration Dataset,True
SYN-TXN-00609,P007,P010,77089,INR,2026-02-22 11:10:00,TRANSFER,TRANSACTION_CHAIN,Synthetic Demonstration Dataset,True
SYN-TXN-00276,P014,P007,9877,INR,2026-02-23 05:34:00,TRANSFER,NORMAL,Synthetic Demonstration Dataset,True
SYN-TXN-00203,P009,P015,4510,INR,2026-02-23 08:38:00,TRANSFER,NORMAL,Synthetic Demonstration Dataset,True
SYN-TXN-00631,P005,P008,60829,INR,2026-02-23 10:00:00,TRANSFER,TRANSACTION_CHAIN,Synthetic Demonstration Dataset,True
SYN-TXN-00532,P011,P008,21795,INR,2026-02-23 10:32:00,TRANSFER,NORMAL,Synthetic Demonstration Dataset,True
SYN-TXN-00632,P008,P012,59434,INR,2026-02-23 10:35:00,TRANSFER,TRANSACTION_CHAIN,Synthetic Demonstration Dataset,True
SYN-TXN-00633,P012,P014,58713,INR,2026-02-23 11:10:00,TRANSFER,TRANSACTION_CHAIN,Synthetic Demonstration Dataset,True
SYN-TXN-00437,P003,P007,5050,INR,2026-02-24 06:38:00,TRANSFER,NORMAL,Synthetic Demonstration Dataset,True
SYN-TXN-00704,P005,P010,91562,INR,2026-02-24 12:00:00,TRANSFER,REPEATED_HIGH_VALUE,Synthetic Demonstration Dataset,True
SYN-TXN-00082,P008,P007,20532,INR,2026-02-25 01:43:00,TRANSFER,NORMAL,Synthetic Demonstration Dataset,True
SYN-TXN-00384,P005,P004,15722,INR,2026-02-25 04:52:00,TRANSFER,NORMAL,Synthetic Demonstration Dataset,True
SYN-TXN-00369,P014,P005,4104,INR,2026-02-25 12:13:00,TRANSFER,NORMAL,Synthetic Demonstration Dataset,True
SYN-TXN-00301,P004,P005,4221,INR,2026-02-25 17:47:00,TRANSFER,NORMAL,Synthetic Demonstration Dataset,True
SYN-TXN-00343,P009,P002,4910,INR,2026-02-25 17:57:00,TRANSFER,NORMAL,Synthetic Demonstration Dataset,True
SYN-TXN-00334,P012,P011,23270,INR,2026-02-26 18:35:00,TRANSFER,NORMAL,Synthetic Demonstration Dataset,True
SYN-TXN-00375,P003,P010,4751,INR,2026-02-27 02:35:00,TRANSFER,NORMAL,Synthetic Demonstration Dataset,True
SYN-TXN-00102,P012,P002,2311,INR,2026-02-27 07:47:00,TRANSFER,NORMAL,Synthetic Demonstration Dataset,True
SYN-TXN-00716,P010,P013,76690,INR,2026-02-27 16:00:00,TRANSFER,REPEATED_HIGH_VALUE,Synthetic Demonstration Dataset,True
SYN-TXN-00314,P010,P009,2432,INR,2026-02-27 20:07:00,TRANSFER,NORMAL,Synthetic Demonstration Dataset,True
SYN-TXN-00302,P004,P013,4910,INR,2026-02-27 23:04:00,TRANSFER,NORMAL,Synthetic Demonstration Dataset,True
SYN-TXN-00712,P010,P013,167507,INR,2026-02-28 10:00:00,TRANSFER,REPEATED_HIGH_VALUE,Synthetic Demonstration Dataset,True
SYN-TXN-00266,P002,P008,3201,INR,2026-03-01 13:51:00,TRANSFER,NORMAL,Synthetic Demonstration Dataset,True
SYN-TXN-00410,P013,P007,3783,INR,2026-03-02 05:04:00,TRANSFER,NORMAL,Synthetic Demonstration Dataset,True
SYN-TXN-00544,P007,P008,6102,INR,2026-03-02 11:40:00,TRANSFER,NORMAL,Synthetic Demonstration Dataset,True
SYN-TXN-00655,P002,P006,58386,INR,2026-03-02 16:00:00,TRANSFER,CIRCULAR_FLOW,Synthetic Demonstration Dataset,True
SYN-TXN-00676,P004,P011,72722,INR,2026-03-02 16:00:00,TRANSFER,CIRCULAR_FLOW,Synthetic Demonstration Dataset,True
SYN-TXN-00656,P006,P009,57858,INR,2026-03-02 16:25:00,TRANSFER,CIRCULAR_FLOW,Synthetic Demonstration Dataset,True
SYN-TXN-00677,P011,P013,72908,INR,2026-03-02 16:25:00,TRANSFER,CIRCULAR_FLOW,Synthetic Demonstration Dataset,True
SYN-TXN-00678,P013,P004,71995,INR,2026-03-02 16:50:00,TRANSFER,CIRCULAR_FLOW,Synthetic Demonstration Dataset,True
SYN-TXN-00657,P009,P002,58615,INR,2026-03-02 16:50:00,TRANSFER,CIRCULAR_FLOW,Synthetic Demonstration Dataset,True
SYN-TXN-00338,P005,P012,9131,INR,2026-03-03 06:44:00,TRANSFER,NORMAL,Synthetic Demonstration Dataset,True
SYN-TXN-00149,P008,P001,1270,INR,2026-03-03 14:36:00,TRANSFER,NORMAL,Synthetic Demonstration Dataset,True
SYN-TXN-00423,P009,P004,2793,INR,2026-03-03 20:11:00,TRANSFER,NORMAL,Synthetic Demonstration Dataset,True
SYN-TXN-00368,P012,P003,12279,INR,2026-03-04 07:59:00,TRANSFER,NORMAL,Synthetic Demonstration Dataset,True
SYN-TXN-00494,P001,P002,1965,INR,2026-03-04 08:29:00,TRANSFER,NORMAL,Synthetic Demonstration Dataset,True
SYN-TXN-00150,P008,P006,9849,INR,2026-03-04 08:37:00,TRANSFER,NORMAL,Synthetic Demonstration Dataset,True
SYN-TXN-00235,P003,P010,23805,INR,2026-03-04 11:53:00,TRANSFER,NORMAL,Synthetic Demonstration Dataset,True
SYN-TXN-00571,P012,P007,1526,INR,2026-03-05 08:58:00,TRANSFER,NORMAL,Synthetic Demonstration Dataset,True
SYN-TXN-00207,P004,P008,22463,INR,2026-03-06 23:54:00,TRANSFER,NORMAL,Synthetic Demonstration Dataset,True
SYN-TXN-00209,P011,P015,4154,INR,2026-03-07 00:46:00,TRANSFER,NORMAL,Synthetic Demonstration Dataset,True
SYN-TXN-00474,P010,P014,3819,INR,2026-03-07 08:39:00,TRANSFER,NORMAL,Synthetic Demonstration Dataset,True
SYN-TXN-00047,P007,P010,2481,INR,2026-03-08 16:33:00,TRANSFER,NORMAL,Synthetic Demonstration Dataset,True
SYN-TXN-00089,P010,P004,2188,INR,2026-03-09 06:57:00,TRANSFER,NORMAL,Synthetic Demonstration Dataset,True
SYN-TXN-00206,P003,P002,3815,INR,2026-03-09 10:53:00,TRANSFER,NORMAL,Synthetic Demonstration Dataset,True
SYN-TXN-00176,P006,P014,675,INR,2026-03-10 01:01:00,TRANSFER,NORMAL,Synthetic Demonstration Dataset,True
SYN-TXN-00347,P012,P002,14654,INR,2026-03-10 05:41:00,TRANSFER,NORMAL,Synthetic Demonstration Dataset,True
SYN-TXN-00461,P015,P014,8072,INR,2026-03-10 10:40:00,TRANSFER,NORMAL,Synthetic Demonstration Dataset,True
SYN-TXN-00270,P004,P006,2061,INR,2026-03-10 14:35:00,TRANSFER,NORMAL,Synthetic Demonstration Dataset,True
SYN-TXN-00158,P002,P009,2945,INR,2026-03-10 15:09:00,TRANSFER,NORMAL,Synthetic Demonstration Dataset,True
SYN-TXN-00577,P004,P006,12118,INR,2026-03-11 06:05:00,TRANSFER,NORMAL,Synthetic Demonstration Dataset,True
SYN-TXN-00098,P010,P008,14922,INR,2026-03-11 11:41:00,TRANSFER,NORMAL,Synthetic Demonstration Dataset,True
SYN-TXN-00094,P010,P013,3094,INR,2026-03-12 01:13:00,TRANSFER,NORMAL,Synthetic Demonstration Dataset,True
SYN-TXN-00610,P001,P003,83547,INR,2026-03-12 10:00:00,TRANSFER,TRANSACTION_CHAIN,Synthetic Demonstration Dataset,True
SYN-TXN-00611,P003,P007,82578,INR,2026-03-12 10:35:00,TRANSFER,TRANSACTION_CHAIN,Synthetic Demonstration Dataset,True
SYN-TXN-00612,P007,P010,78825,INR,2026-03-12 11:10:00,TRANSFER,TRANSACTION_CHAIN,Synthetic Demonstration Dataset,True
SYN-TXN-00484,P015,P008,12246,INR,2026-03-12 20:34:00,TRANSFER,NORMAL,Synthetic Demonstration Dataset,True
SYN-TXN-00340,P015,P009,13007,INR,2026-03-12 21:13:00,TRANSFER,NORMAL,Synthetic Demonstration Dataset,True
SYN-TXN-00118,P002,P008,12018,INR,2026-03-13 01:16:00,TRANSFER,NORMAL,Synthetic Demonstration Dataset,True
SYN-TXN-00634,P005,P008,97386,INR,2026-03-13 10:00:00,TRANSFER,TRANSACTION_CHAIN,Synthetic Demonstration Dataset,True
SYN-TXN-00635,P008,P012,95512,INR,2026-03-13 10:35:00,TRANSFER,TRANSACTION_CHAIN,Synthetic Demonstration Dataset,True
SYN-TXN-00636,P012,P014,93590,INR,2026-03-13 11:10:00,TRANSFER,TRANSACTION_CHAIN,Synthetic Demonstration Dataset,True
SYN-TXN-00317,P003,P004,1065,INR,2026-03-13 15:29:00,TRANSFER,NORMAL,Synthetic Demonstration Dataset,True
SYN-TXN-00257,P010,P008,17643,INR,2026-03-13 15:46:00,TRANSFER,NORMAL,Synthetic Demonstration Dataset,True
SYN-TXN-00262,P005,P006,23971,INR,2026-03-14 17:17:00,TRANSFER,NORMAL,Synthetic Demonstration Dataset,True
SYN-TXN-00564,P003,P011,23827,INR,2026-03-15 03:34:00,TRANSFER,NORMAL,Synthetic Demonstration Dataset,True
SYN-TXN-00049,P006,P009,5733,INR,2026-03-15 06:57:00,TRANSFER,NORMAL,Synthetic Demonstration Dataset,True
SYN-TXN-00707,P005,P010,101673,INR,2026-03-15 18:00:00,TRANSFER,REPEATED_HIGH_VALUE,Synthetic Demonstration Dataset,True
SYN-TXN-00299,P008,P015,2076,INR,2026-03-15 19:46:00,TRANSFER,NORMAL,Synthetic Demonstration Dataset,True
SYN-TXN-00392,P004,P007,2505,INR,2026-03-17 20:51:00,TRANSFER,NORMAL,Synthetic Demonstration Dataset,True
SYN-TXN-00720,P010,P013,90296,INR,2026-03-17 21:00:00,TRANSFER,REPEATED_HIGH_VALUE,Synthetic Demonstration Dataset,True
SYN-TXN-00277,P012,P004,7111,INR,2026-03-17 21:03:00,TRANSFER,NORMAL,Synthetic Demonstration Dataset,True
SYN-TXN-00422,P005,P001,4533,INR,2026-03-18 04:12:00,TRANSFER,NORMAL,Synthetic Demonstration Dataset,True
SYN-TXN-00550,P006,P012,8317,INR,2026-03-18 06:58:00,TRANSFER,NORMAL,Synthetic Demonstration Dataset,True
SYN-TXN-00351,P012,P001,24702,INR,2026-03-18 10:47:00,TRANSFER,NORMAL,Synthetic Demonstration Dataset,True
SYN-TXN-00483,P012,P010,8304,INR,2026-03-18 20:32:00,TRANSFER,NORMAL,Synthetic Demonstration Dataset,True
SYN-TXN-00310,P005,P009,12458,INR,2026-03-18 22:34:00,TRANSFER,NORMAL,Synthetic Demonstration Dataset,True
SYN-TXN-00503,P014,P013,3693,INR,2026-03-19 00:05:00,TRANSFER,NORMAL,Synthetic Demonstration Dataset,True
SYN-TXN-00261,P014,P011,13684,INR,2026-03-19 06:18:00,TRANSFER,NORMAL,Synthetic Demonstration Dataset,True
SYN-TXN-00496,P015,P012,23614,INR,2026-03-19 18:19:00,TRANSFER,NORMAL,Synthetic Demonstration Dataset,True
SYN-TXN-00389,P014,P001,14313,INR,2026-03-19 23:31:00,TRANSFER,NORMAL,Synthetic Demonstration Dataset,True
SYN-TXN-00332,P008,P015,1268,INR,2026-03-20 09:50:00,TRANSFER,NORMAL,Synthetic Demonstration Dataset,True
SYN-TXN-00269,P010,P011,24231,INR,2026-03-20 11:40:00,TRANSFER,NORMAL,Synthetic Demonstration Dataset,True
SYN-TXN-00537,P005,P009,2399,INR,2026-03-21 05:59:00,TRANSFER,NORMAL,Synthetic Demonstration Dataset,True
SYN-TXN-00448,P005,P006,513,INR,2026-03-21 06:26:00,TRANSFER,NORMAL,Synthetic Demonstration Dataset,True
SYN-TXN-00256,P008,P011,3630,INR,2026-03-22 05:29:00,TRANSFER,NORMAL,Synthetic Demonstration Dataset,True
SYN-TXN-00201,P007,P004,4686,INR,2026-03-22 16:41:00,TRANSFER,NORMAL,Synthetic Demonstration Dataset,True
SYN-TXN-00245,P006,P011,23249,INR,2026-03-23 03:22:00,TRANSFER,NORMAL,Synthetic Demonstration Dataset,True
SYN-TXN-00253,P015,P014,13931,INR,2026-03-23 06:35:00,TRANSFER,NORMAL,Synthetic Demonstration Dataset,True
SYN-TXN-00260,P003,P004,3998,INR,2026-03-23 12:33:00,TRANSFER,NORMAL,Synthetic Demonstration Dataset,True
SYN-TXN-00163,P010,P001,4635,INR,2026-03-23 13:25:00,TRANSFER,NORMAL,Synthetic Demonstration Dataset,True
SYN-TXN-00490,P001,P008,23554,INR,2026-03-24 01:58:00,TRANSFER,NORMAL,Synthetic Demonstration Dataset,True
SYN-TXN-00088,P009,P010,12411,INR,2026-03-24 22:19:00,TRANSFER,NORMAL,Synthetic Demonstration Dataset,True
SYN-TXN-00003,P015,P009,2445,INR,2026-03-25 06:52:00,TRANSFER,NORMAL,Synthetic Demonstration Dataset,True
SYN-TXN-00136,P003,P004,6884,INR,2026-03-25 12:05:00,TRANSFER,NORMAL,Synthetic Demonstration Dataset,True
SYN-TXN-00258,P002,P011,2837,INR,2026-03-25 12:49:00,TRANSFER,NORMAL,Synthetic Demonstration Dataset,True
SYN-TXN-00171,P014,P005,23077,INR,2026-03-25 13:45:00,TRANSFER,NORMAL,Synthetic Demonstration Dataset,True
SYN-TXN-00004,P014,P007,18949,INR,2026-03-25 16:15:00,TRANSFER,NORMAL,Synthetic Demonstration Dataset,True
SYN-TXN-00218,P015,P014,12714,INR,2026-03-26 09:11:00,TRANSFER,NORMAL,Synthetic Demonstration Dataset,True
SYN-TXN-00124,P003,P008,3244,INR,2026-03-27 04:36:00,TRANSFER,NORMAL,Synthetic Demonstration Dataset,True
SYN-TXN-00092,P006,P012,2032,INR,2026-03-27 10:32:00,TRANSFER,NORMAL,Synthetic Demonstration Dataset,True
SYN-TXN-00679,P004,P011,52042,INR,2026-03-27 16:00:00,TRANSFER,CIRCULAR_FLOW,Synthetic Demonstration Dataset,True
SYN-TXN-00658,P002,P006,42857,INR,2026-03-27 16:00:00,TRANSFER,CIRCULAR_FLOW,Synthetic Demonstration Dataset,True
SYN-TXN-00680,P011,P013,51567,INR,2026-03-27 16:25:00,TRANSFER,CIRCULAR_FLOW,Synthetic Demonstration Dataset,True
SYN-TXN-00659,P006,P009,42906,INR,2026-03-27 16:25:00,TRANSFER,CIRCULAR_FLOW,Synthetic Demonstration Dataset,True
SYN-TXN-00681,P013,P004,51813,INR,2026-03-27 16:50:00,TRANSFER,CIRCULAR_FLOW,Synthetic Demonstration Dataset,True
SYN-TXN-00660,P009,P002,43144,INR,2026-03-27 16:50:00,TRANSFER,CIRCULAR_FLOW,Synthetic Demonstration Dataset,True
SYN-TXN-00330,P008,P006,17016,INR,2026-03-27 16:58:00,TRANSFER,NORMAL,Synthetic Demonstration Dataset,True
SYN-TXN-00212,P003,P001,2226,INR,2026-03-27 17:51:00,TRANSFER,NORMAL,Synthetic Demonstration Dataset,True
SYN-TXN-00205,P004,P015,1763,INR,2026-03-27 19:27:00,TRANSFER,NORMAL,Synthetic Demonstration Dataset,True
SYN-TXN-00325,P007,P003,666,INR,2026-03-28 01:49:00,TRANSFER,NORMAL,Synthetic Demonstration Dataset,True
SYN-TXN-00569,P014,P011,4649,INR,2026-03-28 03:46:00,TRANSFER,NORMAL,Synthetic Demonstration Dataset,True
SYN-TXN-00159,P011,P013,872,INR,2026-03-28 05:55:00,TRANSFER,NORMAL,Synthetic Demonstration Dataset,True
SYN-TXN-00035,P013,P005,9611,INR,2026-03-28 06:53:00,TRANSFER,NORMAL,Synthetic Demonstration Dataset,True
SYN-TXN-00220,P015,P012,6970,INR,2026-03-28 12:40:00,TRANSFER,NORMAL,Synthetic Demonstration Dataset,True
SYN-TXN-00450,P002,P005,3945,INR,2026-03-28 14:20:00,TRANSFER,NORMAL,Synthetic Demonstration Dataset,True
SYN-TXN-00219,P011,P005,2503,INR,2026-03-29 06:18:00,TRANSFER,NORMAL,Synthetic Demonstration Dataset,True
SYN-TXN-00709,P005,P010,160016,INR,2026-03-29 16:00:00,TRANSFER,REPEATED_HIGH_VALUE,Synthetic Demonstration Dataset,True
SYN-TXN-00524,P009,P007,1762,INR,2026-03-29 16:36:00,TRANSFER,NORMAL,Synthetic Demonstration Dataset,True
SYN-TXN-00460,P005,P008,20674,INR,2026-03-30 00:28:00,TRANSFER,NORMAL,Synthetic Demonstration Dataset,True
SYN-TXN-00478,P003,P013,3413,INR,2026-03-30 02:51:00,TRANSFER,NORMAL,Synthetic Demonstration Dataset,True
SYN-TXN-00613,P001,P003,84547,INR,2026-03-30 10:00:00,TRANSFER,TRANSACTION_CHAIN,Synthetic Demonstration Dataset,True
SYN-TXN-00614,P003,P007,83260,INR,2026-03-30 10:35:00,TRANSFER,TRANSACTION_CHAIN,Synthetic Demonstration Dataset,True
SYN-TXN-00615,P007,P010,83233,INR,2026-03-30 11:10:00,TRANSFER,TRANSACTION_CHAIN,Synthetic Demonstration Dataset,True
SYN-TXN-00559,P012,P002,15601,INR,2026-03-30 19:59:00,TRANSFER,NORMAL,Synthetic Demonstration Dataset,True
SYN-TXN-00718,P010,P013,156137,INR,2026-03-30 20:00:00,TRANSFER,REPEATED_HIGH_VALUE,Synthetic Demonstration Dataset,True
SYN-TXN-00417,P004,P013,18650,INR,2026-03-31 02:02:00,TRANSFER,NORMAL,Synthetic Demonstration Dataset,True
SYN-TXN-00010,P005,P011,14570,INR,2026-03-31 06:32:00,TRANSFER,NORMAL,Synthetic Demonstration Dataset,True
SYN-TXN-00637,P005,P008,72575,INR,2026-03-31 10:00:00,TRANSFER,TRANSACTION_CHAIN,Synthetic Demonstration Dataset,True
SYN-TXN-00638,P008,P012,71578,INR,2026-03-31 10:35:00,TRANSFER,TRANSACTION_CHAIN,Synthetic Demonstration Dataset,True
SYN-TXN-00639,P012,P014,68125,INR,2026-03-31 11:10:00,TRANSFER,TRANSACTION_CHAIN,Synthetic Demonstration Dataset,True
SYN-TXN-00452,P010,P012,6260,INR,2026-03-31 18:35:00,TRANSFER,NORMAL,Synthetic Demonstration Dataset,True
SYN-TXN-00250,P012,P007,4992,INR,2026-04-01 00:19:00,TRANSFER,NORMAL,Synthetic Demonstration Dataset,True
SYN-TXN-00066,P015,P010,1789,INR,2026-04-01 10:35:00,TRANSFER,NORMAL,Synthetic Demonstration Dataset,True
SYN-TXN-00251,P011,P005,3559,INR,2026-04-02 04:30:00,TRANSFER,NORMAL,Synthetic Demonstration Dataset,True
SYN-TXN-00457,P007,P005,946,INR,2026-04-02 08:50:00,TRANSFER,NORMAL,Synthetic Demonstration Dataset,True
SYN-TXN-00133,P014,P007,1136,INR,2026-04-02 13:50:00,TRANSFER,NORMAL,Synthetic Demonstration Dataset,True
SYN-TXN-00167,P003,P009,10391,INR,2026-04-02 20:15:00,TRANSFER,NORMAL,Synthetic Demonstration Dataset,True
SYN-TXN-00280,P006,P003,19136,INR,2026-04-03 01:38:00,TRANSFER,NORMAL,Synthetic Demonstration Dataset,True
SYN-TXN-00401,P010,P002,4390,INR,2026-04-03 05:15:00,TRANSFER,NORMAL,Synthetic Demonstration Dataset,True
SYN-TXN-00226,P013,P005,15501,INR,2026-04-03 19:24:00,TRANSFER,NORMAL,Synthetic Demonstration Dataset,True
SYN-TXN-00438,P010,P013,2178,INR,2026-04-03 20:12:00,TRANSFER,NORMAL,Synthetic Demonstration Dataset,True
SYN-TXN-00091,P002,P007,3625,INR,2026-04-04 07:51:00,TRANSFER,NORMAL,Synthetic Demonstration Dataset,True
SYN-TXN-00160,P005,P015,21846,INR,2026-04-04 12:23:00,TRANSFER,NORMAL,Synthetic Demonstration Dataset,True
SYN-TXN-00162,P008,P015,3862,INR,2026-04-05 02:51:00,TRANSFER,NORMAL,Synthetic Demonstration Dataset,True
SYN-TXN-00030,P013,P004,3922,INR,2026-04-05 20:40:00,TRANSFER,NORMAL,Synthetic Demonstration Dataset,True
SYN-TXN-00148,P014,P003,1351,INR,2026-04-05 23:50:00,TRANSFER,NORMAL,Synthetic Demonstration Dataset,True
SYN-TXN-00308,P008,P001,3803,INR,2026-04-07 00:03:00,TRANSFER,NORMAL,Synthetic Demonstration Dataset,True
SYN-TXN-00164,P005,P012,3713,INR,2026-04-07 00:24:00,TRANSFER,NORMAL,Synthetic Demonstration Dataset,True
SYN-TXN-00573,P007,P001,22714,INR,2026-04-07 17:56:00,TRANSFER,NORMAL,Synthetic Demonstration Dataset,True
SYN-TXN-00097,P001,P013,2779,INR,2026-04-07 18:25:00,TRANSFER,NORMAL,Synthetic Demonstration Dataset,True
SYN-TXN-00400,P014,P001,22064,INR,2026-04-07 19:12:00,TRANSFER,NORMAL,Synthetic Demonstration Dataset,True
SYN-TXN-00597,P012,P005,1848,INR,2026-04-07 22:08:00,TRANSFER,NORMAL,Synthetic Demonstration Dataset,True
SYN-TXN-00444,P013,P012,24845,INR,2026-04-08 21:28:00,TRANSFER,NORMAL,Synthetic Demonstration Dataset,True
SYN-TXN-00037,P010,P002,4192,INR,2026-04-09 01:41:00,TRANSFER,NORMAL,Synthetic Demonstration Dataset,True
SYN-TXN-00700,P003,P007,173336,INR,2026-04-09 08:00:00,TRANSFER,REPEATED_HIGH_VALUE,Synthetic Demonstration Dataset,True
SYN-TXN-00075,P003,P006,15432,INR,2026-04-09 15:37:00,TRANSFER,NORMAL,Synthetic Demonstration Dataset,True
SYN-TXN-00427,P007,P012,3649,INR,2026-04-09 18:16:00,TRANSFER,NORMAL,Synthetic Demonstration Dataset,True
SYN-TXN-00072,P010,P014,15120,INR,2026-04-10 21:19:00,TRANSFER,NORMAL,Synthetic Demonstration Dataset,True
SYN-TXN-00110,P013,P008,4383,INR,2026-04-11 01:52:00,TRANSFER,NORMAL,Synthetic Demonstration Dataset,True
SYN-TXN-00238,P013,P004,13066,INR,2026-04-11 10:47:00,TRANSFER,NORMAL,Synthetic Demonstration Dataset,True
SYN-TXN-00421,P012,P015,4603,INR,2026-04-11 13:41:00,TRANSFER,NORMAL,Synthetic Demonstration Dataset,True
SYN-TXN-00012,P013,P007,16450,INR,2026-04-11 17:47:00,TRANSFER,NORMAL,Synthetic Demonstration Dataset,True
SYN-TXN-00026,P015,P014,17170,INR,2026-04-11 19:15:00,TRANSFER,NORMAL,Synthetic Demonstration Dataset,True
SYN-TXN-00600,P001,P008,6431,INR,2026-04-12 04:59:00,TRANSFER,NORMAL,Synthetic Demonstration Dataset,True
SYN-TXN-00458,P013,P010,2149,INR,2026-04-12 09:42:00,TRANSFER,NORMAL,Synthetic Demonstration Dataset,True
SYN-TXN-00385,P010,P007,23110,INR,2026-04-12 22:33:00,TRANSFER,NORMAL,Synthetic Demonstration Dataset,True
SYN-TXN-00084,P002,P012,8102,INR,2026-04-12 23:37:00,TRANSFER,NORMAL,Synthetic Demonstration Dataset,True
SYN-TXN-00241,P005,P002,3407,INR,2026-04-13 08:53:00,TRANSFER,NORMAL,Synthetic Demonstration Dataset,True
SYN-TXN-00492,P002,P014,6073,INR,2026-04-13 10:43:00,TRANSFER,NORMAL,Synthetic Demonstration Dataset,True
SYN-TXN-00153,P003,P013,19644,INR,2026-04-13 12:26:00,TRANSFER,NORMAL,Synthetic Demonstration Dataset,True
SYN-TXN-00318,P008,P011,9740,INR,2026-04-14 01:51:00,TRANSFER,NORMAL,Synthetic Demonstration Dataset,True
SYN-TXN-00227,P014,P004,20694,INR,2026-04-14 11:28:00,TRANSFER,NORMAL,Synthetic Demonstration Dataset,True
SYN-TXN-00703,P005,P010,137761,INR,2026-04-14 12:00:00,TRANSFER,REPEATED_HIGH_VALUE,Synthetic Demonstration Dataset,True
SYN-TXN-00079,P006,P014,2339,INR,2026-04-14 19:20:00,TRANSFER,NORMAL,Synthetic Demonstration Dataset,True
SYN-TXN-00239,P013,P001,2260,INR,2026-04-14 22:15:00,TRANSFER,NORMAL,Synthetic Demonstration Dataset,True
SYN-TXN-00143,P010,P014,4952,INR,2026-04-15 09:19:00,TRANSFER,NORMAL,Synthetic Demonstration Dataset,True
SYN-TXN-00155,P001,P010,24124,INR,2026-04-15 10:43:00,TRANSFER,NORMAL,Synthetic Demonstration Dataset,True
SYN-TXN-00525,P015,P011,2351,INR,2026-04-15 17:33:00,TRANSFER,NORMAL,Synthetic Demonstration Dataset,True
SYN-TXN-00570,P005,P014,24657,INR,2026-04-16 00:11:00,TRANSFER,NORMAL,Synthetic Demonstration Dataset,True
SYN-TXN-00264,P004,P003,4332,INR,2026-04-16 04:36:00,TRANSFER,NORMAL,Synthetic Demonstration Dataset,True
SYN-TXN-00456,P015,P005,862,INR,2026-04-16 07:15:00,TRANSFER,NORMAL,Synthetic Demonstration Dataset,True
SYN-TXN-00282,P004,P002,4855,INR,2026-04-16 07:34:00,TRANSFER,NORMAL,Synthetic Demonstration Dataset,True
SYN-TXN-00518,P011,P001,760,INR,2026-04-16 19:27:00,TRANSFER,NORMAL,Synthetic Demonstration Dataset,True
SYN-TXN-00087,P015,P014,20133,INR,2026-04-17 01:27:00,TRANSFER,NORMAL,Synthetic Demonstration Dataset,True
SYN-TXN-00025,P001,P015,21585,INR,2026-04-17 02:03:00,TRANSFER,NORMAL,Synthetic Demonstration Dataset,True
SYN-TXN-00499,P002,P004,1716,INR,2026-04-17 05:23:00,TRANSFER,NORMAL,Synthetic Demonstration Dataset,True
SYN-TXN-00255,P001,P011,15032,INR,2026-04-17 08:02:00,TRANSFER,NORMAL,Synthetic Demonstration Dataset,True
SYN-TXN-00616,P001,P003,104440,INR,2026-04-17 10:00:00,TRANSFER,TRANSACTION_CHAIN,Synthetic Demonstration Dataset,True
SYN-TXN-00617,P003,P007,102281,INR,2026-04-17 10:35:00,TRANSFER,TRANSACTION_CHAIN,Synthetic Demonstration Dataset,True
SYN-TXN-00618,P007,P010,99550,INR,2026-04-17 11:10:00,TRANSFER,TRANSACTION_CHAIN,Synthetic Demonstration Dataset,True
SYN-TXN-00531,P006,P004,1708,INR,2026-04-18 04:25:00,TRANSFER,NORMAL,Synthetic Demonstration Dataset,True
SYN-TXN-00640,P005,P008,94481,INR,2026-04-18 10:00:00,TRANSFER,TRANSACTION_CHAIN,Synthetic Demonstration Dataset,True
SYN-TXN-00641,P008,P012,92289,INR,2026-04-18 10:35:00,TRANSFER,TRANSACTION_CHAIN,Synthetic Demonstration Dataset,True
SYN-TXN-00642,P012,P014,93019,INR,2026-04-18 11:10:00,TRANSFER,TRANSACTION_CHAIN,Synthetic Demonstration Dataset,True
SYN-TXN-00275,P010,P003,11582,INR,2026-04-18 19:08:00,TRANSFER,NORMAL,Synthetic Demonstration Dataset,True
SYN-TXN-00376,P007,P003,4568,INR,2026-04-20 02:32:00,TRANSFER,NORMAL,Synthetic Demonstration Dataset,True
SYN-TXN-00199,P009,P007,4258,INR,2026-04-20 10:47:00,TRANSFER,NORMAL,Synthetic Demonstration Dataset,True
SYN-TXN-00682,P004,P011,63919,INR,2026-04-21 16:00:00,TRANSFER,CIRCULAR_FLOW,Synthetic Demonstration Dataset,True
SYN-TXN-00661,P002,P006,48320,INR,2026-04-21 16:00:00,TRANSFER,CIRCULAR_FLOW,Synthetic Demonstration Dataset,True
SYN-TXN-00683,P011,P013,64288,INR,2026-04-21 16:25:00,TRANSFER,CIRCULAR_FLOW,Synthetic Demonstration Dataset,True
SYN-TXN-00662,P006,P009,48548,INR,2026-04-21 16:25:00,TRANSFER,CIRCULAR_FLOW,Synthetic Demonstration Dataset,True
SYN-TXN-00684,P013,P004,63920,INR,2026-04-21 16:50:00,TRANSFER,CIRCULAR_FLOW,Synthetic Demonstration Dataset,True
SYN-TXN-00663,P009,P002,47694,INR,2026-04-21 16:50:00,TRANSFER,CIRCULAR_FLOW,Synthetic Demonstration Dataset,True
SYN-TXN-00454,P010,P003,16146,INR,2026-04-21 17:53:00,TRANSFER,NORMAL,Synthetic Demonstration Dataset,True
SYN-TXN-00191,P005,P006,23590,INR,2026-04-22 15:03:00,TRANSFER,NORMAL,Synthetic Demonstration Dataset,True
SYN-TXN-00540,P012,P007,9460,INR,2026-04-22 15:04:00,TRANSFER,NORMAL,Synthetic Demonstration Dataset,True
SYN-TXN-00464,P014,P008,3261,INR,2026-04-22 16:49:00,TRANSFER,NORMAL,Synthetic Demonstration Dataset,True
SYN-TXN-00170,P005,P006,3682,INR,2026-04-22 18:07:00,TRANSFER,NORMAL,Synthetic Demonstration Dataset,True
SYN-TXN-00459,P012,P008,727,INR,2026-04-22 19:40:00,TRANSFER,NORMAL,Synthetic Demonstration Dataset,True
SYN-TXN-00435,P007,P001,17185,INR,2026-04-23 05:49:00,TRANSFER,NORMAL,Synthetic Demonstration Dataset,True
SYN-TXN-00691,P003,P007,81439,INR,2026-04-23 16:00:00,TRANSFER,REPEATED_HIGH_VALUE,Synthetic Demonstration Dataset,True
SYN-TXN-00234,P003,P011,12550,INR,2026-04-24 05:31:00,TRANSFER,NORMAL,Synthetic Demonstration Dataset,True
SYN-TXN-00568,P007,P001,3408,INR,2026-04-24 07:11:00,TRANSFER,NORMAL,Synthetic Demonstration Dataset,True
SYN-TXN-00311,P008,P014,1536,INR,2026-04-24 08:21:00,TRANSFER,NORMAL,Synthetic Demonstration Dataset,True
SYN-TXN-00263,P010,P003,15542,INR,2026-04-24 16:23:00,TRANSFER,NORMAL,Synthetic Demonstration Dataset,True
SYN-TXN-00546,P006,P011,3779,INR,2026-04-24 16:56:00,TRANSFER,NORMAL,Synthetic Demonstration Dataset,True
SYN-TXN-00383,P001,P010,898,INR,2026-04-24 20:31:00,TRANSFER,NORMAL,Synthetic Demonstration Dataset,True
SYN-TXN-00315,P003,P012,21961,INR,2026-04-25 10:38:00,TRANSFER,NORMAL,Synthetic Demonstration Dataset,True
SYN-TXN-00319,P002,P010,19429,INR,2026-04-25 11:06:00,TRANSFER,NORMAL,Synthetic Demonstration Dataset,True
SYN-TXN-00006,P013,P005,4532,INR,2026-04-25 16:05:00,TRANSFER,NORMAL,Synthetic Demonstration Dataset,True
SYN-TXN-00413,P011,P001,23466,INR,2026-04-26 00:26:00,TRANSFER,NORMAL,Synthetic Demonstration Dataset,True
SYN-TXN-00431,P013,P012,6034,INR,2026-04-26 18:29:00,TRANSFER,NORMAL,Synthetic Demonstration Dataset,True
SYN-TXN-00462,P013,P015,10802,INR,2026-04-27 13:47:00,TRANSFER,NORMAL,Synthetic Demonstration Dataset,True
SYN-TXN-00024,P002,P004,2418,INR,2026-04-27 16:02:00,TRANSFER,NORMAL,Synthetic Demonstration Dataset,True
SYN-TXN-00520,P014,P013,15650,INR,2026-04-27 17:10:00,TRANSFER,NORMAL,Synthetic Demonstration Dataset,True
SYN-TXN-00307,P006,P008,15677,INR,2026-04-29 21:20:00,TRANSFER,NORMAL,Synthetic Demonstration Dataset,True
SYN-TXN-00507,P003,P014,4381,INR,2026-04-29 22:52:00,TRANSFER,NORMAL,Synthetic Demonstration Dataset,True
SYN-TXN-00512,P006,P002,12740,INR,2026-04-30 03:45:00,TRANSFER,NORMAL,Synthetic Demonstration Dataset,True
SYN-TXN-00017,P011,P009,4102,INR,2026-04-30 04:33:00,TRANSFER,NORMAL,Synthetic Demonstration Dataset,True
SYN-TXN-00566,P008,P001,3645,INR,2026-05-01 02:01:00,TRANSFER,NORMAL,Synthetic Demonstration Dataset,True
SYN-TXN-00391,P001,P011,3655,INR,2026-05-01 07:48:00,TRANSFER,NORMAL,Synthetic Demonstration Dataset,True
SYN-TXN-00099,P011,P004,2081,INR,2026-05-01 11:00:00,TRANSFER,NORMAL,Synthetic Demonstration Dataset,True
SYN-TXN-00575,P009,P005,8765,INR,2026-05-01 11:23:00,TRANSFER,NORMAL,Synthetic Demonstration Dataset,True
SYN-TXN-00283,P009,P011,2689,INR,2026-05-01 22:51:00,TRANSFER,NORMAL,Synthetic Demonstration Dataset,True
SYN-TXN-00103,P015,P009,753,INR,2026-05-02 06:17:00,TRANSFER,NORMAL,Synthetic Demonstration Dataset,True
SYN-TXN-00228,P007,P013,2087,INR,2026-05-02 13:43:00,TRANSFER,NORMAL,Synthetic Demonstration Dataset,True
SYN-TXN-00372,P004,P001,3989,INR,2026-05-03 20:12:00,TRANSFER,NORMAL,Synthetic Demonstration Dataset,True
SYN-TXN-00397,P007,P014,19236,INR,2026-05-04 02:17:00,TRANSFER,NORMAL,Synthetic Demonstration Dataset,True
SYN-TXN-00323,P009,P007,18119,INR,2026-05-04 18:49:00,TRANSFER,NORMAL,Synthetic Demonstration Dataset,True
SYN-TXN-00078,P005,P010,901,INR,2026-05-05 07:59:00,TRANSFER,NORMAL,Synthetic Demonstration Dataset,True
SYN-TXN-00619,P001,P003,61400,INR,2026-05-05 10:00:00,TRANSFER,TRANSACTION_CHAIN,Synthetic Demonstration Dataset,True
SYN-TXN-00620,P003,P007,60585,INR,2026-05-05 10:35:00,TRANSFER,TRANSACTION_CHAIN,Synthetic Demonstration Dataset,True
SYN-TXN-00621,P007,P010,57798,INR,2026-05-05 11:10:00,TRANSFER,TRANSACTION_CHAIN,Synthetic Demonstration Dataset,True
SYN-TXN-00353,P010,P015,10868,INR,2026-05-05 18:38:00,TRANSFER,NORMAL,Synthetic Demonstration Dataset,True
SYN-TXN-00643,P005,P008,115970,INR,2026-05-06 10:00:00,TRANSFER,TRANSACTION_CHAIN,Synthetic Demonstration Dataset,True
SYN-TXN-00644,P008,P012,113710,INR,2026-05-06 10:35:00,TRANSFER,TRANSACTION_CHAIN,Synthetic Demonstration Dataset,True
SYN-TXN-00645,P012,P014,113580,INR,2026-05-06 11:10:00,TRANSFER,TRANSACTION_CHAIN,Synthetic Demonstration Dataset,True
SYN-TXN-00403,P004,P006,1757,INR,2026-05-06 12:48:00,TRANSFER,NORMAL,Synthetic Demonstration Dataset,True
SYN-TXN-00529,P001,P003,15901,INR,2026-05-06 18:12:00,TRANSFER,NORMAL,Synthetic Demonstration Dataset,True
SYN-TXN-00719,P010,P013,135152,INR,2026-05-07 12:00:00,TRANSFER,REPEATED_HIGH_VALUE,Synthetic Demonstration Dataset,True
SYN-TXN-00186,P008,P009,3866,INR,2026-05-07 20:44:00,TRANSFER,NORMAL,Synthetic Demonstration Dataset,True
SYN-TXN-00048,P014,P002,15344,INR,2026-05-08 02:34:00,TRANSFER,NORMAL,Synthetic Demonstration Dataset,True
SYN-TXN-00692,P003,P007,153330,INR,2026-05-08 08:00:00,TRANSFER,REPEATED_HIGH_VALUE,Synthetic Demonstration Dataset,True
SYN-TXN-00152,P011,P012,1406,INR,2026-05-08 10:19:00,TRANSFER,NORMAL,Synthetic Demonstration Dataset,True
SYN-TXN-00267,P003,P004,21042,INR,2026-05-08 13:51:00,TRANSFER,NORMAL,Synthetic Demonstration Dataset,True
SYN-TXN-00563,P001,P009,2172,INR,2026-05-08 14:27:00,TRANSFER,NORMAL,Synthetic Demonstration Dataset,True
SYN-TXN-00300,P004,P012,14554,INR,2026-05-08 15:08:00,TRANSFER,NORMAL,Synthetic Demonstration Dataset,True
SYN-TXN-00463,P012,P009,24107,INR,2026-05-09 07:51:00,TRANSFER,NORMAL,Synthetic Demonstration Dataset,True
SYN-TXN-00442,P001,P012,19890,INR,2026-05-09 13:10:00,TRANSFER,NORMAL,Synthetic Demonstration Dataset,True
SYN-TXN-00574,P014,P006,6152,INR,2026-05-10 22:30:00,TRANSFER,NORMAL,Synthetic Demonstration Dataset,True
SYN-TXN-00224,P008,P009,21905,INR,2026-05-11 00:21:00,TRANSFER,NORMAL,Synthetic Demonstration Dataset,True
SYN-TXN-00713,P010,P013,86366,INR,2026-05-11 10:00:00,TRANSFER,REPEATED_HIGH_VALUE,Synthetic Demonstration Dataset,True
SYN-TXN-00062,P015,P007,18723,INR,2026-05-12 07:05:00,TRANSFER,NORMAL,Synthetic Demonstration Dataset,True
SYN-TXN-00177,P008,P002,12143,INR,2026-05-12 07:10:00,TRANSFER,NORMAL,Synthetic Demonstration Dataset,True
SYN-TXN-00508,P004,P010,14840,INR,2026-05-12 13:24:00,TRANSFER,NORMAL,Synthetic Demonstration Dataset,True
SYN-TXN-00083,P014,P001,17729,INR,2026-05-12 19:50:00,TRANSFER,NORMAL,Synthetic Demonstration Dataset,True
SYN-TXN-00021,P006,P004,11751,INR,2026-05-14 23:15:00,TRANSFER,NORMAL,Synthetic Demonstration Dataset,True
SYN-TXN-00231,P012,P014,3755,INR,2026-05-16 00:31:00,TRANSFER,NORMAL,Synthetic Demonstration Dataset,True
SYN-TXN-00685,P004,P011,86722,INR,2026-05-16 16:00:00,TRANSFER,CIRCULAR_FLOW,Synthetic Demonstration Dataset,True
SYN-TXN-00664,P002,P006,81214,INR,2026-05-16 16:00:00,TRANSFER,CIRCULAR_FLOW,Synthetic Demonstration Dataset,True
SYN-TXN-00686,P011,P013,88037,INR,2026-05-16 16:25:00,TRANSFER,CIRCULAR_FLOW,Synthetic Demonstration Dataset,True
SYN-TXN-00665,P006,P009,82319,INR,2026-05-16 16:25:00,TRANSFER,CIRCULAR_FLOW,Synthetic Demonstration Dataset,True
SYN-TXN-00687,P013,P004,87836,INR,2026-05-16 16:50:00,TRANSFER,CIRCULAR_FLOW,Synthetic Demonstration Dataset,True
SYN-TXN-00666,P009,P002,82460,INR,2026-05-16 16:50:00,TRANSFER,CIRCULAR_FLOW,Synthetic Demonstration Dataset,True
SYN-TXN-00313,P007,P006,10798,INR,2026-05-17 13:07:00,TRANSFER,NORMAL,Synthetic Demonstration Dataset,True
SYN-TXN-00590,P012,P002,24088,INR,2026-05-17 19:19:00,TRANSFER,NORMAL,Synthetic Demonstration Dataset,True
SYN-TXN-00697,P003,P007,172280,INR,2026-05-18 13:00:00,TRANSFER,REPEATED_HIGH_VALUE,Synthetic Demonstration Dataset,True
SYN-TXN-00297,P012,P001,1032,INR,2026-05-18 17:17:00,TRANSFER,NORMAL,Synthetic Demonstration Dataset,True
SYN-TXN-00028,P008,P007,1475,INR,2026-05-18 18:57:00,TRANSFER,NORMAL,Synthetic Demonstration Dataset,True
SYN-TXN-00293,P005,P004,16949,INR,2026-05-18 22:32:00,TRANSFER,NORMAL,Synthetic Demonstration Dataset,True
SYN-TXN-00232,P015,P014,2568,INR,2026-05-19 16:07:00,TRANSFER,NORMAL,Synthetic Demonstration Dataset,True
SYN-TXN-00424,P005,P009,15361,INR,2026-05-19 16:51:00,TRANSFER,NORMAL,Synthetic Demonstration Dataset,True
SYN-TXN-00045,P010,P005,2084,INR,2026-05-19 18:14:00,TRANSFER,NORMAL,Synthetic Demonstration Dataset,True
SYN-TXN-00472,P008,P003,7716,INR,2026-05-20 03:09:00,TRANSFER,NORMAL,Synthetic Demonstration Dataset,True
SYN-TXN-00157,P010,P005,2398,INR,2026-05-20 05:24:00,TRANSFER,NORMAL,Synthetic Demonstration Dataset,True
SYN-TXN-00501,P006,P002,4033,INR,2026-05-20 07:18:00,TRANSFER,NORMAL,Synthetic Demonstration Dataset,True
SYN-TXN-00192,P009,P001,12307,INR,2026-05-20 20:11:00,TRANSFER,NORMAL,Synthetic Demonstration Dataset,True
SYN-TXN-00595,P006,P012,3283,INR,2026-05-20 23:48:00,TRANSFER,NORMAL,Synthetic Demonstration Dataset,True
SYN-TXN-00113,P007,P008,24398,INR,2026-05-21 03:21:00,TRANSFER,NORMAL,Synthetic Demonstration Dataset,True
SYN-TXN-00523,P011,P001,23952,INR,2026-05-21 04:46:00,TRANSFER,NORMAL,Synthetic Demonstration Dataset,True
SYN-TXN-00135,P007,P003,18622,INR,2026-05-21 09:33:00,TRANSFER,NORMAL,Synthetic Demonstration Dataset,True
SYN-TXN-00326,P007,P001,3496,INR,2026-05-21 11:59:00,TRANSFER,NORMAL,Synthetic Demonstration Dataset,True
SYN-TXN-00516,P012,P013,2854,INR,2026-05-21 17:24:00,TRANSFER,NORMAL,Synthetic Demonstration Dataset,True
SYN-TXN-00067,P003,P005,24007,INR,2026-05-22 04:08:00,TRANSFER,NORMAL,Synthetic Demonstration Dataset,True
SYN-TXN-00594,P001,P002,1129,INR,2026-05-22 10:53:00,TRANSFER,NORMAL,Synthetic Demonstration Dataset,True
SYN-TXN-00038,P005,P015,3166,INR,2026-05-22 14:33:00,TRANSFER,NORMAL,Synthetic Demonstration Dataset,True
SYN-TXN-00305,P001,P005,6989,INR,2026-05-23 02:23:00,TRANSFER,NORMAL,Synthetic Demonstration Dataset,True
SYN-TXN-00622,P001,P003,61471,INR,2026-05-23 10:00:00,TRANSFER,TRANSACTION_CHAIN,Synthetic Demonstration Dataset,True
SYN-TXN-00623,P003,P007,60442,INR,2026-05-23 10:35:00,TRANSFER,TRANSACTION_CHAIN,Synthetic Demonstration Dataset,True
SYN-TXN-00624,P007,P010,58509,INR,2026-05-23 11:10:00,TRANSFER,TRANSACTION_CHAIN,Synthetic Demonstration Dataset,True
SYN-TXN-00013,P003,P004,3327,INR,2026-05-23 11:54:00,TRANSFER,NORMAL,Synthetic Demonstration Dataset,True
SYN-TXN-00063,P001,P015,2465,INR,2026-05-23 14:03:00,TRANSFER,NORMAL,Synthetic Demonstration Dataset,True
SYN-TXN-00548,P009,P002,13511,INR,2026-05-24 04:37:00,TRANSFER,NORMAL,Synthetic Demonstration Dataset,True
SYN-TXN-00130,P004,P013,10100,INR,2026-05-24 06:44:00,TRANSFER,NORMAL,Synthetic Demonstration Dataset,True
SYN-TXN-00646,P005,P008,66596,INR,2026-05-24 10:00:00,TRANSFER,TRANSACTION_CHAIN,Synthetic Demonstration Dataset,True
SYN-TXN-00647,P008,P012,65806,INR,2026-05-24 10:35:00,TRANSFER,TRANSACTION_CHAIN,Synthetic Demonstration Dataset,True
SYN-TXN-00648,P012,P014,64476,INR,2026-05-24 11:10:00,TRANSFER,TRANSACTION_CHAIN,Synthetic Demonstration Dataset,True
SYN-TXN-00486,P015,P012,1644,INR,2026-05-24 19:19:00,TRANSFER,NORMAL,Synthetic Demonstration Dataset,True
SYN-TXN-00080,P003,P015,2381,INR,2026-05-25 10:20:00,TRANSFER,NORMAL,Synthetic Demonstration Dataset,True
SYN-TXN-00213,P005,P013,12650,INR,2026-05-25 14:14:00,TRANSFER,NORMAL,Synthetic Demonstration Dataset,True
SYN-TXN-00514,P010,P001,4281,INR,2026-05-27 15:14:00,TRANSFER,NORMAL,Synthetic Demonstration Dataset,True
SYN-TXN-00371,P008,P004,3394,INR,2026-05-27 17:26:00,TRANSFER,NORMAL,Synthetic Demonstration Dataset,True
SYN-TXN-00120,P014,P011,12627,INR,2026-05-27 19:01:00,TRANSFER,NORMAL,Synthetic Demonstration Dataset,True
SYN-TXN-00488,P008,P015,15012,INR,2026-05-27 22:08:00,TRANSFER,NORMAL,Synthetic Demonstration Dataset,True
SYN-TXN-00081,P012,P010,9385,INR,2026-05-28 16:10:00,TRANSFER,NORMAL,Synthetic Demonstration Dataset,True
SYN-TXN-00591,P013,P004,6156,INR,2026-05-29 02:46:00,TRANSFER,NORMAL,Synthetic Demonstration Dataset,True
SYN-TXN-00588,P014,P015,12216,INR,2026-05-29 12:31:00,TRANSFER,NORMAL,Synthetic Demonstration Dataset,True
SYN-TXN-00116,P013,P003,3146,INR,2026-05-29 17:23:00,TRANSFER,NORMAL,Synthetic Demonstration Dataset,True
SYN-TXN-00278,P008,P004,24060,INR,2026-05-30 05:42:00,TRANSFER,NORMAL,Synthetic Demonstration Dataset,True
SYN-TXN-00141,P013,P002,3454,INR,2026-05-30 06:22:00,TRANSFER,NORMAL,Synthetic Demonstration Dataset,True
SYN-TXN-00370,P007,P005,16102,INR,2026-05-31 03:21:00,TRANSFER,NORMAL,Synthetic Demonstration Dataset,True
SYN-TXN-00217,P006,P015,3351,INR,2026-05-31 07:13:00,TRANSFER,NORMAL,Synthetic Demonstration Dataset,True
SYN-TXN-00394,P005,P004,2523,INR,2026-05-31 10:26:00,TRANSFER,NORMAL,Synthetic Demonstration Dataset,True
SYN-TXN-00552,P008,P011,6421,INR,2026-06-01 04:22:00,TRANSFER,NORMAL,Synthetic Demonstration Dataset,True
SYN-TXN-00696,P003,P007,157425,INR,2026-06-01 10:00:00,TRANSFER,REPEATED_HIGH_VALUE,Synthetic Demonstration Dataset,True
SYN-TXN-00363,P013,P009,2789,INR,2026-06-01 11:55:00,TRANSFER,NORMAL,Synthetic Demonstration Dataset,True
SYN-TXN-00068,P011,P012,3780,INR,2026-06-01 20:31:00,TRANSFER,NORMAL,Synthetic Demonstration Dataset,True
SYN-TXN-00064,P002,P013,21718,INR,2026-06-02 05:00:00,TRANSFER,NORMAL,Synthetic Demonstration Dataset,True
SYN-TXN-00073,P005,P015,4032,INR,2026-06-02 16:07:00,TRANSFER,NORMAL,Synthetic Demonstration Dataset,True
SYN-TXN-00386,P010,P007,16082,INR,2026-06-02 22:59:00,TRANSFER,NORMAL,Synthetic Demonstration Dataset,True
SYN-TXN-00322,P005,P015,5751,INR,2026-06-03 09:26:00,TRANSFER,NORMAL,Synthetic Demonstration Dataset,True
SYN-TXN-00230,P011,P003,15137,INR,2026-06-03 14:00:00,TRANSFER,NORMAL,Synthetic Demonstration Dataset,True
SYN-TXN-00489,P005,P010,21308,INR,2026-06-03 14:03:00,TRANSFER,NORMAL,Synthetic Demonstration Dataset,True
SYN-TXN-00708,P005,P010,161692,INR,2026-06-03 18:00:00,TRANSFER,REPEATED_HIGH_VALUE,Synthetic Demonstration Dataset,True
SYN-TXN-00279,P014,P013,1127,INR,2026-06-04 07:08:00,TRANSFER,NORMAL,Synthetic Demonstration Dataset,True
SYN-TXN-00321,P001,P008,10646,INR,2026-06-05 02:24:00,TRANSFER,NORMAL,Synthetic Demonstration Dataset,True
SYN-TXN-00599,P013,P012,1637,INR,2026-06-05 06:07:00,TRANSFER,NORMAL,Synthetic Demonstration Dataset,True
SYN-TXN-00699,P003,P007,134021,INR,2026-06-05 14:00:00,TRANSFER,REPEATED_HIGH_VALUE,Synthetic Demonstration Dataset,True
SYN-TXN-00440,P004,P011,3277,INR,2026-06-05 23:35:00,TRANSFER,NORMAL,Synthetic Demonstration Dataset,True
SYN-TXN-00125,P012,P001,4208,INR,2026-06-06 09:31:00,TRANSFER,NORMAL,Synthetic Demonstration Dataset,True
SYN-TXN-00151,P006,P004,2770,INR,2026-06-07 16:03:00,TRANSFER,NORMAL,Synthetic Demonstration Dataset,True
SYN-TXN-00337,P009,P007,2991,INR,2026-06-08 00:15:00,TRANSFER,NORMAL,Synthetic Demonstration Dataset,True
SYN-TXN-00054,P009,P010,14783,INR,2026-06-08 08:43:00,TRANSFER,NORMAL,Synthetic Demonstration Dataset,True
SYN-TXN-00352,P006,P012,3928,INR,2026-06-08 19:13:00,TRANSFER,NORMAL,Synthetic Demonstration Dataset,True
SYN-TXN-00582,P004,P014,4945,INR,2026-06-08 20:21:00,TRANSFER,NORMAL,Synthetic Demonstration Dataset,True
SYN-TXN-00365,P014,P006,1080,INR,2026-06-08 23:24:00,TRANSFER,NORMAL,Synthetic Demonstration Dataset,True
SYN-TXN-00443,P014,P013,5692,INR,2026-06-09 01:47:00,TRANSFER,NORMAL,Synthetic Demonstration Dataset,True
SYN-TXN-00358,P008,P002,11885,INR,2026-06-10 02:26:00,TRANSFER,NORMAL,Synthetic Demonstration Dataset,True
SYN-TXN-00576,P005,P013,24035,INR,2026-06-10 06:18:00,TRANSFER,NORMAL,Synthetic Demonstration Dataset,True
SYN-TXN-00667,P002,P006,80586,INR,2026-06-10 16:00:00,TRANSFER,CIRCULAR_FLOW,Synthetic Demonstration Dataset,True
SYN-TXN-00688,P004,P011,43610,INR,2026-06-10 16:00:00,TRANSFER,CIRCULAR_FLOW,Synthetic Demonstration Dataset,True
SYN-TXN-00689,P011,P013,43389,INR,2026-06-10 16:25:00,TRANSFER,CIRCULAR_FLOW,Synthetic Demonstration Dataset,True
SYN-TXN-00668,P006,P009,80859,INR,2026-06-10 16:25:00,TRANSFER,CIRCULAR_FLOW,Synthetic Demonstration Dataset,True
SYN-TXN-00669,P009,P002,80554,INR,2026-06-10 16:50:00,TRANSFER,CIRCULAR_FLOW,Synthetic Demonstration Dataset,True
SYN-TXN-00690,P013,P004,42802,INR,2026-06-10 16:50:00,TRANSFER,CIRCULAR_FLOW,Synthetic Demonstration Dataset,True
SYN-TXN-00161,P009,P005,2893,INR,2026-06-11 00:36:00,TRANSFER,NORMAL,Synthetic Demonstration Dataset,True
SYN-TXN-00467,P003,P014,4864,INR,2026-06-11 10:18:00,TRANSFER,NORMAL,Synthetic Demonstration Dataset,True
SYN-TXN-00204,P009,P006,4045,INR,2026-06-11 19:53:00,TRANSFER,NORMAL,Synthetic Demonstration Dataset,True
SYN-TXN-00428,P014,P010,6284,INR,2026-06-13 05:06:00,TRANSFER,NORMAL,Synthetic Demonstration Dataset,True
SYN-TXN-00580,P002,P011,14271,INR,2026-06-14 00:31:00,TRANSFER,NORMAL,Synthetic Demonstration Dataset,True
SYN-TXN-00554,P002,P012,24676,INR,2026-06-14 05:17:00,TRANSFER,NORMAL,Synthetic Demonstration Dataset,True
SYN-TXN-00259,P011,P002,22661,INR,2026-06-14 10:49:00,TRANSFER,NORMAL,Synthetic Demonstration Dataset,True
SYN-TXN-00342,P007,P015,3948,INR,2026-06-15 09:19:00,TRANSFER,NORMAL,Synthetic Demonstration Dataset,True
SYN-TXN-00001,P013,P007,3854,INR,2026-06-15 16:00:00,TRANSFER,NORMAL,Synthetic Demonstration Dataset,True
SYN-TXN-00420,P005,P007,15758,INR,2026-06-15 19:54:00,TRANSFER,NORMAL,Synthetic Demonstration Dataset,True
SYN-TXN-00242,P011,P003,1295,INR,2026-06-16 02:48:00,TRANSFER,NORMAL,Synthetic Demonstration Dataset,True
SYN-TXN-00023,P004,P013,4356,INR,2026-06-16 07:59:00,TRANSFER,NORMAL,Synthetic Demonstration Dataset,True
SYN-TXN-00336,P007,P015,18663,INR,2026-06-16 21:27:00,TRANSFER,NORMAL,Synthetic Demonstration Dataset,True
SYN-TXN-00196,P001,P008,1045,INR,2026-06-17 16:03:00,TRANSFER,NORMAL,Synthetic Demonstration Dataset,True
SYN-TXN-00016,P012,P005,1555,INR,2026-06-17 22:13:00,TRANSFER,NORMAL,Synthetic Demonstration Dataset,True
SYN-TXN-00415,P003,P015,4533,INR,2026-06-18 03:17:00,TRANSFER,NORMAL,Synthetic Demonstration Dataset,True
SYN-TXN-00432,P010,P002,2295,INR,2026-06-18 13:23:00,TRANSFER,NORMAL,Synthetic Demonstration Dataset,True
SYN-TXN-00329,P010,P001,9081,INR,2026-06-18 18:29:00,TRANSFER,NORMAL,Synthetic Demonstration Dataset,True
SYN-TXN-00695,P003,P007,177430,INR,2026-06-19 10:00:00,TRANSFER,REPEATED_HIGH_VALUE,Synthetic Demonstration Dataset,True
SYN-TXN-00145,P013,P012,2777,INR,2026-06-19 15:34:00,TRANSFER,NORMAL,Synthetic Demonstration Dataset,True
SYN-TXN-00509,P009,P007,14627,INR,2026-06-19 16:35:00,TRANSFER,NORMAL,Synthetic Demonstration Dataset,True
SYN-TXN-00029,P011,P005,8934,INR,2026-06-19 16:46:00,TRANSFER,NORMAL,Synthetic Demonstration Dataset,True
SYN-TXN-00292,P015,P006,3280,INR,2026-06-19 20:26:00,TRANSFER,NORMAL,Synthetic Demonstration Dataset,True
SYN-TXN-00406,P007,P005,3726,INR,2026-06-19 23:30:00,TRANSFER,NORMAL,Synthetic Demonstration Dataset,True
SYN-TXN-00059,P005,P007,3340,INR,2026-06-20 02:13:00,TRANSFER,NORMAL,Synthetic Demonstration Dataset,True
SYN-TXN-00377,P015,P004,3869,INR,2026-06-20 04:12:00,TRANSFER,NORMAL,Synthetic Demonstration Dataset,True
SYN-TXN-00436,P003,P011,24926,INR,2026-06-20 16:08:00,TRANSFER,NORMAL,Synthetic Demonstration Dataset,True
SYN-TXN-00156,P009,P014,2974,INR,2026-06-20 19:15:00,TRANSFER,NORMAL,Synthetic Demonstration Dataset,True
SYN-TXN-00180,P013,P015,3447,INR,2026-06-21 00:00:00,TRANSFER,NORMAL,Synthetic Demonstration Dataset,True
SYN-TXN-00539,P012,P008,1708,INR,2026-06-21 18:48:00,TRANSFER,NORMAL,Synthetic Demonstration Dataset,True
SYN-TXN-00558,P014,P013,3257,INR,2026-06-21 20:01:00,TRANSFER,NORMAL,Synthetic Demonstration Dataset,True
SYN-TXN-00409,P014,P001,12479,INR,2026-06-22 00:35:00,TRANSFER,NORMAL,Synthetic Demonstration Dataset,True
SYN-TXN-00111,P013,P004,8306,INR,2026-06-22 01:02:00,TRANSFER,NORMAL,Synthetic Demonstration Dataset,True
SYN-TXN-00129,P004,P001,18859,INR,2026-06-22 13:01:00,TRANSFER,NORMAL,Synthetic Demonstration Dataset,True
SYN-TXN-00399,P005,P014,3577,INR,2026-06-22 22:02:00,TRANSFER,NORMAL,Synthetic Demonstration Dataset,True
SYN-TXN-00479,P003,P011,678,INR,2026-06-23 00:17:00,TRANSFER,NORMAL,Synthetic Demonstration Dataset,True
SYN-TXN-00271,P014,P013,4478,INR,2026-06-23 15:23:00,TRANSFER,NORMAL,Synthetic Demonstration Dataset,True
SYN-TXN-00390,P001,P015,1322,INR,2026-06-24 04:19:00,TRANSFER,NORMAL,Synthetic Demonstration Dataset,True
SYN-TXN-00387,P007,P014,24778,INR,2026-06-24 05:05:00,TRANSFER,NORMAL,Synthetic Demonstration Dataset,True
SYN-TXN-00033,P015,P006,11493,INR,2026-06-24 08:45:00,TRANSFER,NORMAL,Synthetic Demonstration Dataset,True
SYN-TXN-00396,P006,P007,15026,INR,2026-06-24 11:52:00,TRANSFER,NORMAL,Synthetic Demonstration Dataset,True
SYN-TXN-00510,P002,P007,2605,INR,2026-06-25 13:06:00,TRANSFER,NORMAL,Synthetic Demonstration Dataset,True
SYN-TXN-00360,P007,P011,6193,INR,2026-06-25 14:35:00,TRANSFER,NORMAL,Synthetic Demonstration Dataset,True
SYN-TXN-00346,P005,P009,10726,INR,2026-06-26 02:55:00,TRANSFER,NORMAL,Synthetic Demonstration Dataset,True
SYN-TXN-00181,P009,P013,3478,INR,2026-06-26 06:21:00,TRANSFER,NORMAL,Synthetic Demonstration Dataset,True
SYN-TXN-00009,P003,P004,2122,INR,2026-06-26 22:19:00,TRANSFER,NORMAL,Synthetic Demonstration Dataset,True
SYN-TXN-00549,P011,P002,7832,INR,2026-06-26 23:32:00,TRANSFER,NORMAL,Synthetic Demonstration Dataset,True
SYN-TXN-00287,P007,P006,15505,INR,2026-06-27 01:11:00,TRANSFER,NORMAL,Synthetic Demonstration Dataset,True
SYN-TXN-00445,P007,P010,3728,INR,2026-06-27 01:11:00,TRANSFER,NORMAL,Synthetic Demonstration Dataset,True
SYN-TXN-00701,P005,P010,138430,INR,2026-06-27 20:00:00,TRANSFER,REPEATED_HIGH_VALUE,Synthetic Demonstration Dataset,True
SYN-TXN-00086,P003,P008,1429,INR,2026-06-27 23:56:00,TRANSFER,NORMAL,Synthetic Demonstration Dataset,True
SYN-TXN-00216,P005,P015,16339,INR,2026-06-28 06:23:00,TRANSFER,NORMAL,Synthetic Demonstration Dataset,True
SYN-TXN-00412,P009,P008,16364,INR,2026-06-28 09:05:00,TRANSFER,NORMAL,Synthetic Demonstration Dataset,True
SYN-TXN-00706,P005,P010,107494,INR,2026-06-29 12:00:00,TRANSFER,REPEATED_HIGH_VALUE,Synthetic Demonstration Dataset,True
SYN-TXN-00194,P012,P015,19937,INR,2026-06-30 01:32:00,TRANSFER,NORMAL,Synthetic Demonstration Dataset,True
SYN-TXN-00408,P006,P013,13959,INR,2026-06-30 12:22:00,TRANSFER,NORMAL,Synthetic Demonstration Dataset,True
SYN-TXN-00473,P008,P015,19857,INR,2026-07-01 12:43:00,TRANSFER,NORMAL,Synthetic Demonstration Dataset,True
SYN-TXN-00198,P006,P003,2291,INR,2026-07-02 08:14:00,TRANSFER,NORMAL,Synthetic Demonstration Dataset,True
SYN-TXN-00426,P009,P003,3159,INR,2026-07-02 15:09:00,TRANSFER,NORMAL,Synthetic Demonstration Dataset,True
SYN-TXN-00046,P006,P004,1935,INR,2026-07-03 07:32:00,TRANSFER,NORMAL,Synthetic Demonstration Dataset,True
SYN-TXN-00705,P005,P010,92382,INR,2026-07-03 19:00:00,TRANSFER,REPEATED_HIGH_VALUE,Synthetic Demonstration Dataset,True
SYN-TXN-00193,P009,P013,20147,INR,2026-07-04 07:44:00,TRANSFER,NORMAL,Synthetic Demonstration Dataset,True
SYN-TXN-00050,P015,P012,11534,INR,2026-07-04 08:05:00,TRANSFER,NORMAL,Synthetic Demonstration Dataset,True
SYN-TXN-00480,P002,P001,1876,INR,2026-07-04 10:02:00,TRANSFER,NORMAL,Synthetic Demonstration Dataset,True
SYN-TXN-00126,P007,P011,24874,INR,2026-07-04 11:58:00,TRANSFER,NORMAL,Synthetic Demonstration Dataset,True
SYN-TXN-00096,P007,P002,4968,INR,2026-07-04 14:26:00,TRANSFER,NORMAL,Synthetic Demonstration Dataset,True
SYN-TXN-00543,P005,P004,20717,INR,2026-07-04 17:01:00,TRANSFER,NORMAL,Synthetic Demonstration Dataset,True
SYN-TXN-00268,P015,P002,3189,INR,2026-07-04 23:28:00,TRANSFER,NORMAL,Synthetic Demonstration Dataset,True
SYN-TXN-00553,P010,P011,24880,INR,2026-07-05 01:52:00,TRANSFER,NORMAL,Synthetic Demonstration Dataset,True
SYN-TXN-00060,P004,P009,1015,INR,2026-07-05 03:41:00,TRANSFER,NORMAL,Synthetic Demonstration Dataset,True
SYN-TXN-00714,P010,P013,154372,INR,2026-07-05 18:00:00,TRANSFER,REPEATED_HIGH_VALUE,Synthetic Demonstration Dataset,True
SYN-TXN-00018,P003,P006,4139,INR,2026-07-05 22:11:00,TRANSFER,NORMAL,Synthetic Demonstration Dataset,True
SYN-TXN-00698,P003,P007,118306,INR,2026-07-07 15:00:00,TRANSFER,REPEATED_HIGH_VALUE,Synthetic Demonstration Dataset,True
SYN-TXN-00495,P011,P015,14292,INR,2026-07-07 15:26:00,TRANSFER,NORMAL,Synthetic Demonstration Dataset,True
SYN-TXN-00249,P013,P001,19778,INR,2026-07-08 02:06:00,TRANSFER,NORMAL,Synthetic Demonstration Dataset,True
SYN-TXN-00042,P006,P015,1025,INR,2026-07-08 07:21:00,TRANSFER,NORMAL,Synthetic Demonstration Dataset,True
SYN-TXN-00312,P006,P005,3188,INR,2026-07-08 09:44:00,TRANSFER,NORMAL,Synthetic Demonstration Dataset,True
SYN-TXN-00476,P008,P009,19987,INR,2026-07-08 20:28:00,TRANSFER,NORMAL,Synthetic Demonstration Dataset,True
SYN-TXN-00040,P008,P011,2839,INR,2026-07-09 08:05:00,TRANSFER,NORMAL,Synthetic Demonstration Dataset,True
SYN-TXN-00032,P006,P004,2261,INR,2026-07-09 21:18:00,TRANSFER,NORMAL,Synthetic Demonstration Dataset,True
SYN-TXN-00109,P015,P007,3025,INR,2026-07-10 03:40:00,TRANSFER,NORMAL,Synthetic Demonstration Dataset,True
SYN-TXN-00345,P014,P004,24285,INR,2026-07-10 06:43:00,TRANSFER,NORMAL,Synthetic Demonstration Dataset,True
SYN-TXN-00405,P007,P013,17595,INR,2026-07-10 07:07:00,TRANSFER,NORMAL,Synthetic Demonstration Dataset,True
SYN-TXN-00533,P014,P008,23105,INR,2026-07-10 09:02:00,TRANSFER,NORMAL,Synthetic Demonstration Dataset,True
SYN-TXN-00429,P011,P002,10970,INR,2026-07-11 17:09:00,TRANSFER,NORMAL,Synthetic Demonstration Dataset,True
SYN-TXN-00246,P007,P001,3055,INR,2026-07-12 22:19:00,TRANSFER,NORMAL,Synthetic Demonstration Dataset,True
SYN-TXN-00039,P005,P013,18517,INR,2026-07-12 22:54:00,TRANSFER,NORMAL,Synthetic Demonstration Dataset,True
SYN-TXN-00286,P010,P012,23849,INR,2026-07-13 01:41:00,TRANSFER,NORMAL,Synthetic Demonstration Dataset,True
SYN-TXN-00398,P004,P014,7287,INR,2026-07-13 06:08:00,TRANSFER,NORMAL,Synthetic Demonstration Dataset,True
SYN-TXN-00350,P002,P013,12664,INR,2026-07-13 09:04:00,TRANSFER,NORMAL,Synthetic Demonstration Dataset,True
SYN-TXN-00471,P004,P012,1856,INR,2026-07-13 12:19:00,TRANSFER,NORMAL,Synthetic Demonstration Dataset,True
SYN-TXN-00031,P001,P010,20515,INR,2026-07-13 18:51:00,TRANSFER,NORMAL,Synthetic Demonstration Dataset,True
SYN-TXN-00485,P009,P003,23409,INR,2026-07-13 21:05:00,TRANSFER,NORMAL,Synthetic Demonstration Dataset,True
SYN-TXN-00449,P008,P002,11687,INR,2026-07-13 21:25:00,TRANSFER,NORMAL,Synthetic Demonstration Dataset,True
SYN-TXN-00173,P001,P013,3898,INR,2026-07-13 21:56:00,TRANSFER,NORMAL,Synthetic Demonstration Dataset,True
SYN-TXN-00294,P001,P007,987,INR,2026-07-14 12:42:00,TRANSFER,NORMAL,Synthetic Demonstration Dataset,True
SYN-TXN-00179,P011,P010,17815,INR,2026-07-15 01:28:00,TRANSFER,NORMAL,Synthetic Demonstration Dataset,True
SYN-TXN-00185,P006,P013,10907,INR,2026-07-16 02:22:00,TRANSFER,NORMAL,Synthetic Demonstration Dataset,True
SYN-TXN-00011,P014,P008,3363,INR,2026-07-16 08:16:00,TRANSFER,NORMAL,Synthetic Demonstration Dataset,True
SYN-TXN-00122,P009,P003,7009,INR,2026-07-16 09:29:00,TRANSFER,NORMAL,Synthetic Demonstration Dataset,True
SYN-TXN-00284,P005,P015,12065,INR,2026-07-16 10:50:00,TRANSFER,NORMAL,Synthetic Demonstration Dataset,True
SYN-TXN-00106,P009,P007,3585,INR,2026-07-16 13:01:00,TRANSFER,NORMAL,Synthetic Demonstration Dataset,True
SYN-TXN-00388,P014,P010,22478,INR,2026-07-16 16:09:00,TRANSFER,NORMAL,Synthetic Demonstration Dataset,True
SYN-TXN-00281,P007,P006,10990,INR,2026-07-17 05:01:00,TRANSFER,NORMAL,Synthetic Demonstration Dataset,True
SYN-TXN-00373,P007,P006,6385,INR,2026-07-17 14:15:00,TRANSFER,NORMAL,Synthetic Demonstration Dataset,True
SYN-TXN-00710,P005,P010,159757,INR,2026-07-17 17:00:00,TRANSFER,REPEATED_HIGH_VALUE,Synthetic Demonstration Dataset,True
SYN-TXN-00534,P009,P007,11711,INR,2026-07-18 08:52:00,TRANSFER,NORMAL,Synthetic Demonstration Dataset,True
SYN-TXN-00044,P010,P013,19186,INR,2026-07-18 13:00:00,TRANSFER,NORMAL,Synthetic Demonstration Dataset,True
SYN-TXN-00107,P008,P009,6976,INR,2026-07-19 17:46:00,TRANSFER,NORMAL,Synthetic Demonstration Dataset,True
SYN-TXN-00215,P003,P010,6246,INR,2026-07-21 05:29:00,TRANSFER,NORMAL,Synthetic Demonstration Dataset,True
SYN-TXN-00477,P008,P010,7100,INR,2026-07-21 09:32:00,TRANSFER,NORMAL,Synthetic Demonstration Dataset,True
SYN-TXN-00451,P010,P009,22427,INR,2026-07-21 12:25:00,TRANSFER,NORMAL,Synthetic Demonstration Dataset,True
SYN-TXN-00344,P004,P008,17118,INR,2026-07-21 13:59:00,TRANSFER,NORMAL,Synthetic Demonstration Dataset,True
SYN-TXN-00144,P003,P006,2496,INR,2026-07-22 08:52:00,TRANSFER,NORMAL,Synthetic Demonstration Dataset,True
SYN-TXN-00362,P001,P007,14216,INR,2026-07-22 14:05:00,TRANSFER,NORMAL,Synthetic Demonstration Dataset,True
SYN-TXN-00211,P012,P011,2864,INR,2026-07-22 21:08:00,TRANSFER,NORMAL,Synthetic Demonstration Dataset,True
SYN-TXN-00132,P013,P012,5801,INR,2026-07-24 04:34:00,TRANSFER,NORMAL,Synthetic Demonstration Dataset,True
SYN-TXN-00274,P014,P009,3322,INR,2026-07-24 23:27:00,TRANSFER,NORMAL,Synthetic Demonstration Dataset,True
SYN-TXN-00556,P010,P008,919,INR,2026-07-25 09:06:00,TRANSFER,NORMAL,Synthetic Demonstration Dataset,True
SYN-TXN-00466,P014,P003,4449,INR,2026-07-26 06:16:00,TRANSFER,NORMAL,Synthetic Demonstration Dataset,True
SYN-TXN-00117,P014,P006,9903,INR,2026-07-26 11:15:00,TRANSFER,NORMAL,Synthetic Demonstration Dataset,True
SYN-TXN-00093,P003,P011,2853,INR,2026-07-26 21:55:00,TRANSFER,NORMAL,Synthetic Demonstration Dataset,True
SYN-TXN-00140,P007,P008,12574,INR,2026-07-27 02:51:00,TRANSFER,NORMAL,Synthetic Demonstration Dataset,True
SYN-TXN-00380,P013,P011,21333,INR,2026-07-28 13:56:00,TRANSFER,NORMAL,Synthetic Demonstration Dataset,True
SYN-TXN-00542,P001,P005,10117,INR,2026-07-28 16:51:00,TRANSFER,NORMAL,Synthetic Demonstration Dataset,True
SYN-TXN-00051,P009,P007,21716,INR,2026-07-28 17:50:00,TRANSFER,NORMAL,Synthetic Demonstration Dataset,True
SYN-TXN-00355,P005,P015,571,INR,2026-07-28 18:42:00,TRANSFER,NORMAL,Synthetic Demonstration Dataset,True
SYN-TXN-00561,P009,P002,966,INR,2026-07-29 02:59:00,TRANSFER,NORMAL,Synthetic Demonstration Dataset,True
SYN-TXN-00487,P007,P013,2915,INR,2026-07-29 04:58:00,TRANSFER,NORMAL,Synthetic Demonstration Dataset,True
SYN-TXN-00316,P007,P011,4742,INR,2026-07-29 23:43:00,TRANSFER,NORMAL,Synthetic Demonstration Dataset,True
SYN-TXN-00200,P005,P011,10366,INR,2026-07-30 06:57:00,TRANSFER,NORMAL,Synthetic Demonstration Dataset,True
SYN-TXN-00493,P006,P008,2256,INR,2026-07-30 22:04:00,TRANSFER,NORMAL,Synthetic Demonstration Dataset,True
SYN-TXN-00304,P012,P013,5502,INR,2026-07-31 14:16:00,TRANSFER,NORMAL,Synthetic Demonstration Dataset,True
SYN-TXN-00147,P007,P006,2814,INR,2026-07-31 17:55:00,TRANSFER,NORMAL,Synthetic Demonstration Dataset,True
SYN-TXN-00446,P014,P006,4639,INR,2026-07-31 19:03:00,TRANSFER,NORMAL,Synthetic Demonstration Dataset,True
SYN-TXN-00197,P005,P003,1226,INR,2026-07-31 23:37:00,TRANSFER,NORMAL,Synthetic Demonstration Dataset,True
SYN-TXN-00005,P012,P015,801,INR,2026-08-01 22:25:00,TRANSFER,NORMAL,Synthetic Demonstration Dataset,True
SYN-TXN-00505,P012,P015,1056,INR,2026-08-02 00:49:00,TRANSFER,NORMAL,Synthetic Demonstration Dataset,True
SYN-TXN-00272,P011,P005,2433,INR,2026-08-02 04:07:00,TRANSFER,NORMAL,Synthetic Demonstration Dataset,True
SYN-TXN-00521,P015,P014,3054,INR,2026-08-02 07:09:00,TRANSFER,NORMAL,Synthetic Demonstration Dataset,True
SYN-TXN-00434,P011,P012,926,INR,2026-08-02 13:36:00,TRANSFER,NORMAL,Synthetic Demonstration Dataset,True
SYN-TXN-00395,P010,P007,19340,INR,2026-08-02 19:58:00,TRANSFER,NORMAL,Synthetic Demonstration Dataset,True
SYN-TXN-00056,P006,P008,7001,INR,2026-08-03 02:02:00,TRANSFER,NORMAL,Synthetic Demonstration Dataset,True
SYN-TXN-00208,P005,P007,1804,INR,2026-08-03 10:43:00,TRANSFER,NORMAL,Synthetic Demonstration Dataset,True
SYN-TXN-00240,P014,P013,15333,INR,2026-08-03 13:52:00,TRANSFER,NORMAL,Synthetic Demonstration Dataset,True
SYN-TXN-00526,P010,P001,17005,INR,2026-08-03 15:44:00,TRANSFER,NORMAL,Synthetic Demonstration Dataset,True
SYN-TXN-00565,P010,P004,631,INR,2026-08-04 08:47:00,TRANSFER,NORMAL,Synthetic Demonstration Dataset,True
SYN-TXN-00233,P004,P005,15357,INR,2026-08-04 10:52:00,TRANSFER,NORMAL,Synthetic Demonstration Dataset,True
SYN-TXN-00190,P006,P015,9199,INR,2026-08-04 12:12:00,TRANSFER,NORMAL,Synthetic Demonstration Dataset,True
SYN-TXN-00545,P007,P014,1658,INR,2026-08-04 15:23:00,TRANSFER,NORMAL,Synthetic Demonstration Dataset,True
SYN-TXN-00522,P004,P001,1212,INR,2026-08-04 16:36:00,TRANSFER,NORMAL,Synthetic Demonstration Dataset,True
SYN-TXN-00581,P002,P013,3222,INR,2026-08-05 16:01:00,TRANSFER,NORMAL,Synthetic Demonstration Dataset,True
SYN-TXN-00416,P006,P002,7684,INR,2026-08-06 05:07:00,TRANSFER,NORMAL,Synthetic Demonstration Dataset,True
SYN-TXN-00411,P013,P011,15848,INR,2026-08-06 12:26:00,TRANSFER,NORMAL,Synthetic Demonstration Dataset,True
SYN-TXN-00138,P015,P008,2906,INR,2026-08-06 18:07:00,TRANSFER,NORMAL,Synthetic Demonstration Dataset,True
SYN-TXN-00465,P012,P010,4255,INR,2026-08-06 22:06:00,TRANSFER,NORMAL,Synthetic Demonstration Dataset,True
SYN-TXN-00511,P013,P002,7676,INR,2026-08-07 01:16:00,TRANSFER,NORMAL,Synthetic Demonstration Dataset,True
SYN-TXN-00214,P013,P012,8673,INR,2026-08-07 17:40:00,TRANSFER,NORMAL,Synthetic Demonstration Dataset,True
SYN-TXN-00020,P013,P011,4565,INR,2026-08-09 02:59:00,TRANSFER,NORMAL,Synthetic Demonstration Dataset,True
SYN-TXN-00290,P006,P001,20375,INR,2026-08-09 15:54:00,TRANSFER,NORMAL,Synthetic Demonstration Dataset,True
SYN-TXN-00536,P006,P001,1677,INR,2026-08-10 12:12:00,TRANSFER,NORMAL,Synthetic Demonstration Dataset,True
SYN-TXN-00104,P004,P015,12564,INR,2026-08-10 12:58:00,TRANSFER,NORMAL,Synthetic Demonstration Dataset,True
SYN-TXN-00041,P011,P009,2267,INR,2026-08-10 15:23:00,TRANSFER,NORMAL,Synthetic Demonstration Dataset,True
SYN-TXN-00210,P001,P005,22996,INR,2026-08-10 18:11:00,TRANSFER,NORMAL,Synthetic Demonstration Dataset,True
SYN-TXN-00519,P015,P007,24131,INR,2026-08-11 05:52:00,TRANSFER,NORMAL,Synthetic Demonstration Dataset,True
SYN-TXN-00447,P014,P015,1870,INR,2026-08-11 11:32:00,TRANSFER,NORMAL,Synthetic Demonstration Dataset,True
SYN-TXN-00007,P015,P003,6267,INR,2026-08-11 21:23:00,TRANSFER,NORMAL,Synthetic Demonstration Dataset,True
SYN-TXN-00470,P011,P013,766,INR,2026-08-12 15:13:00,TRANSFER,NORMAL,Synthetic Demonstration Dataset,True
SYN-TXN-00221,P014,P003,10131,INR,2026-08-13 00:41:00,TRANSFER,NORMAL,Synthetic Demonstration Dataset,True
SYN-TXN-00453,P013,P015,14861,INR,2026-08-13 05:31:00,TRANSFER,NORMAL,Synthetic Demonstration Dataset,True
SYN-TXN-00567,P006,P003,707,INR,2026-08-13 09:56:00,TRANSFER,NORMAL,Synthetic Demonstration Dataset,True
SYN-TXN-00142,P015,P004,2177,INR,2026-08-13 10:54:00,TRANSFER,NORMAL,Synthetic Demonstration Dataset,True
SYN-TXN-00331,P012,P010,2827,INR,2026-08-13 15:13:00,TRANSFER,NORMAL,Synthetic Demonstration Dataset,True
SYN-TXN-00189,P008,P007,527,INR,2026-08-13 20:25:00,TRANSFER,NORMAL,Synthetic Demonstration Dataset,True
SYN-TXN-00527,P008,P006,10783,INR,2026-08-14 07:33:00,TRANSFER,NORMAL,Synthetic Demonstration Dataset,True
SYN-TXN-00393,P010,P007,12995,INR,2026-08-14 19:53:00,TRANSFER,NORMAL,Synthetic Demonstration Dataset,True
SYN-TXN-00419,P001,P006,15080,INR,2026-08-15 18:36:00,TRANSFER,NORMAL,Synthetic Demonstration Dataset,True
SYN-TXN-00285,P009,P012,11703,INR,2026-08-16 06:46:00,TRANSFER,NORMAL,Synthetic Demonstration Dataset,True
SYN-TXN-00364,P004,P013,4897,INR,2026-08-16 12:17:00,TRANSFER,NORMAL,Synthetic Demonstration Dataset,True
SYN-TXN-00131,P009,P005,16360,INR,2026-08-16 17:38:00,TRANSFER,NORMAL,Synthetic Demonstration Dataset,True
SYN-TXN-00547,P002,P014,12531,INR,2026-08-16 18:29:00,TRANSFER,NORMAL,Synthetic Demonstration Dataset,True
SYN-TXN-00589,P014,P004,13533,INR,2026-08-17 08:24:00,TRANSFER,NORMAL,Synthetic Demonstration Dataset,True
SYN-TXN-00504,P004,P007,746,INR,2026-08-18 03:31:00,TRANSFER,NORMAL,Synthetic Demonstration Dataset,True
SYN-TXN-00593,P009,P001,7254,INR,2026-08-19 04:41:00,TRANSFER,NORMAL,Synthetic Demonstration Dataset,True
SYN-TXN-00407,P004,P015,2883,INR,2026-08-20 04:59:00,TRANSFER,NORMAL,Synthetic Demonstration Dataset,True
SYN-TXN-00309,P012,P015,20621,INR,2026-08-20 05:28:00,TRANSFER,NORMAL,Synthetic Demonstration Dataset,True
SYN-TXN-00114,P012,P013,18460,INR,2026-08-20 11:48:00,TRANSFER,NORMAL,Synthetic Demonstration Dataset,True
SYN-TXN-00481,P003,P008,2624,INR,2026-08-21 07:28:00,TRANSFER,NORMAL,Synthetic Demonstration Dataset,True
SYN-TXN-00327,P012,P001,18429,INR,2026-08-22 14:47:00,TRANSFER,NORMAL,Synthetic Demonstration Dataset,True
SYN-TXN-00374,P002,P008,1954,INR,2026-08-23 06:35:00,TRANSFER,NORMAL,Synthetic Demonstration Dataset,True
SYN-TXN-00551,P012,P003,19914,INR,2026-08-23 18:12:00,TRANSFER,NORMAL,Synthetic Demonstration Dataset,True
SYN-TXN-00015,P002,P005,24483,INR,2026-08-24 05:45:00,TRANSFER,NORMAL,Synthetic Demonstration Dataset,True
SYN-TXN-00402,P015,P013,13602,INR,2026-08-24 14:35:00,TRANSFER,NORMAL,Synthetic Demonstration Dataset,True
SYN-TXN-00034,P004,P003,6480,INR,2026-08-24 15:07:00,TRANSFER,NORMAL,Synthetic Demonstration Dataset,True
SYN-TXN-00482,P007,P010,1487,INR,2026-08-25 02:47:00,TRANSFER,NORMAL,Synthetic Demonstration Dataset,True
SYN-TXN-00121,P002,P010,4324,INR,2026-08-25 14:22:00,TRANSFER,NORMAL,Synthetic Demonstration Dataset,True
SYN-TXN-00123,P006,P009,10784,INR,2026-08-26 01:27:00,TRANSFER,NORMAL,Synthetic Demonstration Dataset,True
SYN-TXN-00184,P013,P011,2918,INR,2026-08-26 06:16:00,TRANSFER,NORMAL,Synthetic Demonstration Dataset,True
SYN-TXN-00254,P004,P002,2079,INR,2026-08-26 18:24:00,TRANSFER,NORMAL,Synthetic Demonstration Dataset,True
SYN-TXN-00022,P008,P001,19007,INR,2026-08-26 18:26:00,TRANSFER,NORMAL,Synthetic Demonstration Dataset,True
SYN-TXN-00541,P001,P005,2575,INR,2026-08-27 19:11:00,TRANSFER,NORMAL,Synthetic Demonstration Dataset,True
SYN-TXN-00295,P013,P001,1970,INR,2026-08-27 19:16:00,TRANSFER,NORMAL,Synthetic Demonstration Dataset,True
SYN-TXN-00404,P011,P012,1967,INR,2026-08-28 08:11:00,TRANSFER,NORMAL,Synthetic Demonstration Dataset,True
SYN-TXN-00441,P009,P005,9130,INR,2026-08-29 10:12:00,TRANSFER,NORMAL,Synthetic Demonstration Dataset,True
SYN-TXN-00112,P005,P015,13843,INR,2026-08-29 16:08:00,TRANSFER,NORMAL,Synthetic Demonstration Dataset,True
